TABLE_NAME,FIELD_NAME,VALUESET_ITEM,VALUESET_ITEM_DESCRIPTOR
PROVIDER,PROVIDER_SPECIALTY_PRIMARY,101200000X,101200000X=Drama Therapist
PROVIDER,PROVIDER_SPECIALTY_PRIMARY,101Y00000X,101Y00000X=Counselor
PROVIDER,PROVIDER_SPECIALTY_PRIMARY,101YA0400X,101YA0400X=Counselor  Addiction  Substance  Use  Disorder
PROVIDER,PROVIDER_SPECIALTY_PRIMARY,101YM0800X,101YM0800X=Counselor  Mental  Health
PROVIDER,PROVIDER_SPECIALTY_PRIMARY,101YP1600X,101YP1600X=Counselor  Pastoral
PROVIDER,PROVIDER_SPECIALTY_PRIMARY,101YP2500X,101YP2500X=Counselor  Professional
PROVIDER,PROVIDER_SPECIALTY_PRIMARY,101YS0200X,101YS0200X=Counselor  School
PROVIDER,PROVIDER_SPECIALTY_PRIMARY,102L00000X,102L00000X=Psychoanalyst  
PROVIDER,PROVIDER_SPECIALTY_PRIMARY,102X00000X,102X00000X=Poetry  Therapist  
PROVIDER,PROVIDER_SPECIALTY_PRIMARY,103G00000X,103G00000X=Clinical  Neuropsychologist  
PROVIDER,PROVIDER_SPECIALTY_PRIMARY,103GC0700X,103GC0700X=Clinical  Neuropsychologist  Clinical
PROVIDER,PROVIDER_SPECIALTY_PRIMARY,103K00000X,103K00000X=Behavioral  Analyst  
PROVIDER,PROVIDER_SPECIALTY_PRIMARY,103T00000X,103T00000X=Psychologist  
PROVIDER,PROVIDER_SPECIALTY_PRIMARY,103TA0400X,103TA0400X=Psychologist  Addiction  (Substance  Use  Disorder)
PROVIDER,PROVIDER_SPECIALTY_PRIMARY,103TA0700X,103TA0700X=Psychologist  Adult  Development  &  Aging
PROVIDER,PROVIDER_SPECIALTY_PRIMARY,103TB0200X,103TB0200X=Psychologist  Cognitive  &  Behavioral
PROVIDER,PROVIDER_SPECIALTY_PRIMARY,103TC0700X,103TC0700X=Psychologist  Clinical
PROVIDER,PROVIDER_SPECIALTY_PRIMARY,103TC1900X,103TC1900X=Psychologist  Counseling
PROVIDER,PROVIDER_SPECIALTY_PRIMARY,103TC2200X,103TC2200X=Psychologist  Clinical  Child  &  Adolescent
PROVIDER,PROVIDER_SPECIALTY_PRIMARY,103TE1000X,103TE1000X=Psychologist  Educational
PROVIDER,PROVIDER_SPECIALTY_PRIMARY,103TE1100X,103TE1100X=Psychologist  Exercise  &  Sports
PROVIDER,PROVIDER_SPECIALTY_PRIMARY,103TF0000X,103TF0000X=Psychologist  Family
PROVIDER,PROVIDER_SPECIALTY_PRIMARY,103TF0200X,103TF0200X=Psychologist  Forensic
PROVIDER,PROVIDER_SPECIALTY_PRIMARY,103TH0004X,103TH0004X=Psychologist  Health
PROVIDER,PROVIDER_SPECIALTY_PRIMARY,103TH0100X,103TH0100X=Psychologist  Health  Service
PROVIDER,PROVIDER_SPECIALTY_PRIMARY,103TM1700X,103TM1700X=Psychologist  Men  &  Masculinity
PROVIDER,PROVIDER_SPECIALTY_PRIMARY,103TM1800X,103TM1800X=Psychologist  Mental  Retardation  &  Developmental  Disabilities
PROVIDER,PROVIDER_SPECIALTY_PRIMARY,103TP0016X,103TP0016X=Psychologist  Prescribing  (Medical)
PROVIDER,PROVIDER_SPECIALTY_PRIMARY,103TP0814X,103TP0814X=Psychologist  Psychoanalysis
PROVIDER,PROVIDER_SPECIALTY_PRIMARY,103TP2700X,103TP2700X=Psychologist  Psychotherapy
PROVIDER,PROVIDER_SPECIALTY_PRIMARY,103TP2701X,103TP2701X=Psychologist  Group  Psychotherapy
PROVIDER,PROVIDER_SPECIALTY_PRIMARY,103TR0400X,103TR0400X=Psychologist  Rehabilitation
PROVIDER,PROVIDER_SPECIALTY_PRIMARY,103TS0200X,103TS0200X=Psychologist  School
PROVIDER,PROVIDER_SPECIALTY_PRIMARY,103TW0100X,103TW0100X=Psychologist  Women
PROVIDER,PROVIDER_SPECIALTY_PRIMARY,104100000X,104100000X=Social  Worker  
PROVIDER,PROVIDER_SPECIALTY_PRIMARY,1041C0700X,1041C0700X=Social  Worker  Clinical
PROVIDER,PROVIDER_SPECIALTY_PRIMARY,1041S0200X,1041S0200X=Social  Worker  School
PROVIDER,PROVIDER_SPECIALTY_PRIMARY,106E00000X,106E00000X=Assistant  Behavior  Analyst  
PROVIDER,PROVIDER_SPECIALTY_PRIMARY,106H00000X,106H00000X=Marriage  &  Family  Therapist  
PROVIDER,PROVIDER_SPECIALTY_PRIMARY,106S00000X,106S00000X=Behavior  Technician  
PROVIDER,PROVIDER_SPECIALTY_PRIMARY,111N00000X,111N00000X=Chiropractor  
PROVIDER,PROVIDER_SPECIALTY_PRIMARY,111NI0013X,111NI0013X=Chiropractor  Independent  Medical  Examiner
PROVIDER,PROVIDER_SPECIALTY_PRIMARY,111NI0900X,111NI0900X=Chiropractor  Internist
PROVIDER,PROVIDER_SPECIALTY_PRIMARY,111NN0400X,111NN0400X=Chiropractor  Neurology
PROVIDER,PROVIDER_SPECIALTY_PRIMARY,111NN1001X,111NN1001X=Chiropractor  Nutrition
PROVIDER,PROVIDER_SPECIALTY_PRIMARY,111NP0017X,111NP0017X=Chiropractor  Pediatric  Chiropractor
PROVIDER,PROVIDER_SPECIALTY_PRIMARY,111NR0200X,111NR0200X=Chiropractor  Radiology
PROVIDER,PROVIDER_SPECIALTY_PRIMARY,111NR0400X,111NR0400X=Chiropractor  Rehabilitation
PROVIDER,PROVIDER_SPECIALTY_PRIMARY,111NS0005X,111NS0005X=Chiropractor  Sports  Physician
PROVIDER,PROVIDER_SPECIALTY_PRIMARY,111NT0100X,111NT0100X=Chiropractor  Thermography
PROVIDER,PROVIDER_SPECIALTY_PRIMARY,111NX0100X,111NX0100X=Chiropractor  Occupational  Health
PROVIDER,PROVIDER_SPECIALTY_PRIMARY,111NX0800X,111NX0800X=Chiropractor  Orthopedic
PROVIDER,PROVIDER_SPECIALTY_PRIMARY,122300000X,122300000X=Dentist  
PROVIDER,PROVIDER_SPECIALTY_PRIMARY,1223D0001X,1223D0001X=Dentist  Dental  Public  Health
PROVIDER,PROVIDER_SPECIALTY_PRIMARY,1223D0004X,1223D0004X=Dentist  Dentist  Anesthesiologist
PROVIDER,PROVIDER_SPECIALTY_PRIMARY,1223E0200X,1223E0200X=Dentist  Endodontics
PROVIDER,PROVIDER_SPECIALTY_PRIMARY,1223G0001X,1223G0001X=Dentist  General  Practice
PROVIDER,PROVIDER_SPECIALTY_PRIMARY,1223P0106X,1223P0106X=Dentist  Oral  and  Maxillofacial  Pathology
PROVIDER,PROVIDER_SPECIALTY_PRIMARY,1223P0221X,1223P0221X=Dentist  Pediatric  Dentistry
PROVIDER,PROVIDER_SPECIALTY_PRIMARY,1223P0300X,1223P0300X=Dentist  Periodontics
PROVIDER,PROVIDER_SPECIALTY_PRIMARY,1223P0700X,1223P0700X=Dentist  Prosthodontics
PROVIDER,PROVIDER_SPECIALTY_PRIMARY,1223S0112X,1223S0112X=Dentist  Oral  and  Maxillofacial  Surgery
PROVIDER,PROVIDER_SPECIALTY_PRIMARY,1223X0008X,1223X0008X=Dentist  Oral  and  Maxillofacial  Radiology
PROVIDER,PROVIDER_SPECIALTY_PRIMARY,1223X0400X,1223X0400X=Dentist  Orthodontics  and  Dentofacial  Orthopedics
PROVIDER,PROVIDER_SPECIALTY_PRIMARY,1223X2210X,1223X2210X=Dentist Orofacial Pain
PROVIDER,PROVIDER_SPECIALTY_PRIMARY,122400000X,122400000X=Denturist  
PROVIDER,PROVIDER_SPECIALTY_PRIMARY,124Q00000X,124Q00000X=Dental  Hygienist  
PROVIDER,PROVIDER_SPECIALTY_PRIMARY,125J00000X,125J00000X=Dental  Therapist  
PROVIDER,PROVIDER_SPECIALTY_PRIMARY,125K00000X,125K00000X=Advanced  Practice  Dental  Therapist  
PROVIDER,PROVIDER_SPECIALTY_PRIMARY,125Q00000X,125Q00000X=Oral  Medicinist  
PROVIDER,PROVIDER_SPECIALTY_PRIMARY,126800000X,126800000X=Dental  Assistant  
PROVIDER,PROVIDER_SPECIALTY_PRIMARY,126900000X,126900000X=Dental  Laboratory  Technician  
PROVIDER,PROVIDER_SPECIALTY_PRIMARY,132700000X,132700000X=Dietary  Manager  
PROVIDER,PROVIDER_SPECIALTY_PRIMARY,133N00000X,133N00000X=Nutritionist  
PROVIDER,PROVIDER_SPECIALTY_PRIMARY,133NN1002X,"133NN1002X=Nutritionist  Nutrition,  Education"
PROVIDER,PROVIDER_SPECIALTY_PRIMARY,133V00000X,"133V00000X=Dietitian,  Registered  "
PROVIDER,PROVIDER_SPECIALTY_PRIMARY,133VN1004X,"133VN1004X=Dietitian,  Registered  Nutrition,  Pediatric"
PROVIDER,PROVIDER_SPECIALTY_PRIMARY,133VN1005X,"133VN1005X=Dietitian,  Registered  Nutrition,  Renal"
PROVIDER,PROVIDER_SPECIALTY_PRIMARY,133VN1006X,"133VN1006X=Dietitian,  Registered  Nutrition,  Metabolic"
PROVIDER,PROVIDER_SPECIALTY_PRIMARY,133VN1101X,"133VN1101X=Dietitian, Registered Nutrition, Gerontological"
PROVIDER,PROVIDER_SPECIALTY_PRIMARY,133VN1201X,"133VN1201X=Dietitian, Registered Nutrition, Obesity and Weight Mana"
PROVIDER,PROVIDER_SPECIALTY_PRIMARY,133VN1301X,"133VN1301X=Dietitian, Registered Nutrition, Oncology"
PROVIDER,PROVIDER_SPECIALTY_PRIMARY,133VN1401X,"133VN1401X=Dietitian, Registered Nutrition, Pediatric Critical Care"
PROVIDER,PROVIDER_SPECIALTY_PRIMARY,133VN1501X,"133VN1501X=Dietitian, Registered Nutrition, Sports Dietetics"
PROVIDER,PROVIDER_SPECIALTY_PRIMARY,136A00000X,"136A00000X=Dietetic  Technician,  Registered  "
PROVIDER,PROVIDER_SPECIALTY_PRIMARY,146D00000X,146D00000X=Personal  Emergency  Response  Attendant  
PROVIDER,PROVIDER_SPECIALTY_PRIMARY,146L00000X,"146L00000X=Emergency  Medical  Technician,  Paramedic  "
PROVIDER,PROVIDER_SPECIALTY_PRIMARY,146M00000X,"146M00000X=Emergency  Medical  Technician,  Intermediate  "
PROVIDER,PROVIDER_SPECIALTY_PRIMARY,146N00000X,"146N00000X=Emergency  Medical  Technician,  Basic  "
PROVIDER,PROVIDER_SPECIALTY_PRIMARY,152W00000X,152W00000X=Optometrist  
PROVIDER,PROVIDER_SPECIALTY_PRIMARY,152WC0802X,152WC0802X=Optometrist  Corneal  and  Contact  Management
PROVIDER,PROVIDER_SPECIALTY_PRIMARY,152WL0500X,152WL0500X=Optometrist  Low  Vision  Rehabilitation
PROVIDER,PROVIDER_SPECIALTY_PRIMARY,152WP0200X,152WP0200X=Optometrist  Pediatrics
PROVIDER,PROVIDER_SPECIALTY_PRIMARY,152WS0006X,152WS0006X=Optometrist  Sports  Vision
PROVIDER,PROVIDER_SPECIALTY_PRIMARY,152WV0400X,152WV0400X=Optometrist  Vision  Therapy
PROVIDER,PROVIDER_SPECIALTY_PRIMARY,152WX0102X,152WX0102X=Optometrist  Occupational  Vision
PROVIDER,PROVIDER_SPECIALTY_PRIMARY,156F00000X,156F00000X=Technician/Technologist  
PROVIDER,PROVIDER_SPECIALTY_PRIMARY,156FC0800X,156FC0800X=Technician/Technologist  Contact  Lens
PROVIDER,PROVIDER_SPECIALTY_PRIMARY,156FC0801X,156FC0801X=Technician/Technologist  Contact  Lens  Fitter
PROVIDER,PROVIDER_SPECIALTY_PRIMARY,156FX1100X,156FX1100X=Technician/Technologist  Ophthalmic
PROVIDER,PROVIDER_SPECIALTY_PRIMARY,156FX1101X,156FX1101X=Technician/Technologist  Ophthalmic  Assistant
PROVIDER,PROVIDER_SPECIALTY_PRIMARY,156FX1201X,156FX1201X=Technician/Technologist  Optometric  Assistant
PROVIDER,PROVIDER_SPECIALTY_PRIMARY,156FX1202X,156FX1202X=Technician/Technologist  Optometric  Technician
PROVIDER,PROVIDER_SPECIALTY_PRIMARY,156FX1700X,156FX1700X=Technician/Technologist  Ocularist
PROVIDER,PROVIDER_SPECIALTY_PRIMARY,156FX1800X,156FX1800X=Technician/Technologist  Optician
PROVIDER,PROVIDER_SPECIALTY_PRIMARY,156FX1900X,156FX1900X=Technician/Technologist  Orthoptist
PROVIDER,PROVIDER_SPECIALTY_PRIMARY,163W00000X,163W00000X=Registered  Nurse  
PROVIDER,PROVIDER_SPECIALTY_PRIMARY,163WA0400X,163WA0400X=Registered  Nurse  Addiction  (Substance  Use  Disorder)
PROVIDER,PROVIDER_SPECIALTY_PRIMARY,163WA2000X,163WA2000X=Registered  Nurse  Administrator
PROVIDER,PROVIDER_SPECIALTY_PRIMARY,163WC0200X,163WC0200X=Registered  Nurse  Critical  Care  Medicine
PROVIDER,PROVIDER_SPECIALTY_PRIMARY,163WC0400X,163WC0400X=Registered  Nurse  Case  Management
PROVIDER,PROVIDER_SPECIALTY_PRIMARY,163WC1400X,163WC1400X=Registered  Nurse  College  Health
PROVIDER,PROVIDER_SPECIALTY_PRIMARY,163WC1500X,163WC1500X=Registered  Nurse  Community  Health
PROVIDER,PROVIDER_SPECIALTY_PRIMARY,163WC1600X,163WC1600X=Registered  Nurse  Continuing  Education/Staff  Development
PROVIDER,PROVIDER_SPECIALTY_PRIMARY,163WC2100X,163WC2100X=Registered  Nurse  Continence  Care
PROVIDER,PROVIDER_SPECIALTY_PRIMARY,163WC3500X,163WC3500X=Registered  Nurse  Cardiac  Rehabilitation
PROVIDER,PROVIDER_SPECIALTY_PRIMARY,163WD0400X,163WD0400X=Registered  Nurse  Diabetes  Educator
PROVIDER,PROVIDER_SPECIALTY_PRIMARY,163WD1100X,"163WD1100X=Registered  Nurse  Dialysis,  Peritoneal"
PROVIDER,PROVIDER_SPECIALTY_PRIMARY,163WE0003X,163WE0003X=Registered  Nurse  Emergency
PROVIDER,PROVIDER_SPECIALTY_PRIMARY,163WE0900X,163WE0900X=Registered  Nurse  Enterostomal  Therapy
PROVIDER,PROVIDER_SPECIALTY_PRIMARY,163WF0300X,163WF0300X=Registered  Nurse  Flight
PROVIDER,PROVIDER_SPECIALTY_PRIMARY,163WG0000X,163WG0000X=Registered  Nurse  General  Practice
PROVIDER,PROVIDER_SPECIALTY_PRIMARY,163WG0100X,163WG0100X=Registered  Nurse  Gastroenterology
PROVIDER,PROVIDER_SPECIALTY_PRIMARY,163WG0600X,163WG0600X=Registered  Nurse  Gerontology
PROVIDER,PROVIDER_SPECIALTY_PRIMARY,163WH0200X,163WH0200X=Registered  Nurse  Home  Health
PROVIDER,PROVIDER_SPECIALTY_PRIMARY,163WH0500X,163WH0500X=Registered  Nurse  Hemodialysis
PROVIDER,PROVIDER_SPECIALTY_PRIMARY,163WH1000X,163WH1000X=Registered  Nurse  Hospice
PROVIDER,PROVIDER_SPECIALTY_PRIMARY,163WI0500X,163WI0500X=Registered  Nurse  Infusion  Therapy
PROVIDER,PROVIDER_SPECIALTY_PRIMARY,163WI0600X,163WI0600X=Registered  Nurse  Infection  Control
PROVIDER,PROVIDER_SPECIALTY_PRIMARY,163WL0100X,163WL0100X=Registered  Nurse  Lactation  Consultant
PROVIDER,PROVIDER_SPECIALTY_PRIMARY,163WM0102X,163WM0102X=Registered  Nurse  Maternal  Newborn
PROVIDER,PROVIDER_SPECIALTY_PRIMARY,163WM0705X,163WM0705X=Registered  Nurse  Medical-Surgical
PROVIDER,PROVIDER_SPECIALTY_PRIMARY,163WM1400X,163WM1400X=Registered  Nurse  Nurse  Massage  Therapist  (NMT)
PROVIDER,PROVIDER_SPECIALTY_PRIMARY,163WN0002X,163WN0002X=Registered  Nurse  Neonatal  Intensive  Care
PROVIDER,PROVIDER_SPECIALTY_PRIMARY,163WN0003X,"163WN0003X=Registered  Nurse  Neonatal,  Low-Risk"
PROVIDER,PROVIDER_SPECIALTY_PRIMARY,163WN0300X,163WN0300X=Registered  Nurse  Nephrology
PROVIDER,PROVIDER_SPECIALTY_PRIMARY,163WN0800X,163WN0800X=Registered  Nurse  Neuroscience
PROVIDER,PROVIDER_SPECIALTY_PRIMARY,163WN1003X,163WN1003X=Registered  Nurse  Nutrition  Support
PROVIDER,PROVIDER_SPECIALTY_PRIMARY,163WP0000X,163WP0000X=Registered  Nurse  Pain  Management
PROVIDER,PROVIDER_SPECIALTY_PRIMARY,163WP0200X,163WP0200X=Registered  Nurse  Pediatrics
PROVIDER,PROVIDER_SPECIALTY_PRIMARY,163WP0218X,163WP0218X=Registered  Nurse  Pediatric  Oncology
PROVIDER,PROVIDER_SPECIALTY_PRIMARY,163WP0807X,"163WP0807X=Registered  Nurse  Psych/Mental  Health,  Child  &  Adolescent"
PROVIDER,PROVIDER_SPECIALTY_PRIMARY,163WP0808X,163WP0808X=Registered  Nurse  Psych/Mental  Health
PROVIDER,PROVIDER_SPECIALTY_PRIMARY,163WP0809X,"163WP0809X=Registered  Nurse  Psych/Mental  Health,  Adult"
PROVIDER,PROVIDER_SPECIALTY_PRIMARY,163WP1700X,163WP1700X=Registered  Nurse  Perinatal
PROVIDER,PROVIDER_SPECIALTY_PRIMARY,163WP2201X,163WP2201X=Registered  Nurse  Ambulatory  Care
PROVIDER,PROVIDER_SPECIALTY_PRIMARY,163WR0006X,163WR0006X=Registered  Nurse  Registered  Nurse  First  Assistant
PROVIDER,PROVIDER_SPECIALTY_PRIMARY,163WR0400X,163WR0400X=Registered  Nurse  Rehabilitation
PROVIDER,PROVIDER_SPECIALTY_PRIMARY,163WR1000X,163WR1000X=Registered  Nurse  Reproductive  Endocrinology/Infertility
PROVIDER,PROVIDER_SPECIALTY_PRIMARY,163WS0121X,163WS0121X=Registered  Nurse  Plastic  Surgery
PROVIDER,PROVIDER_SPECIALTY_PRIMARY,163WS0200X,163WS0200X=Registered  Nurse  School
PROVIDER,PROVIDER_SPECIALTY_PRIMARY,163WU0100X,163WU0100X=Registered  Nurse  Urology
PROVIDER,PROVIDER_SPECIALTY_PRIMARY,163WW0000X,163WW0000X=Registered  Nurse  Wound  Care
PROVIDER,PROVIDER_SPECIALTY_PRIMARY,163WW0101X,"163WW0101X=Registered  Nurse  Women's  Health  Care,  Ambulatory"
PROVIDER,PROVIDER_SPECIALTY_PRIMARY,163WX0002X,"163WX0002X=Registered  Nurse  Obstetric,  High-Risk"
PROVIDER,PROVIDER_SPECIALTY_PRIMARY,163WX0003X,"163WX0003X=Registered  Nurse  Obstetric,  Inpatient"
PROVIDER,PROVIDER_SPECIALTY_PRIMARY,163WX0106X,163WX0106X=Registered  Nurse  Occupational  Health
PROVIDER,PROVIDER_SPECIALTY_PRIMARY,163WX0200X,163WX0200X=Registered  Nurse  Oncology
PROVIDER,PROVIDER_SPECIALTY_PRIMARY,163WX0601X,163WX0601X=Registered  Nurse  Otorhinolaryngology  &  Head-Neck
PROVIDER,PROVIDER_SPECIALTY_PRIMARY,163WX0800X,163WX0800X=Registered  Nurse  Orthopedic
PROVIDER,PROVIDER_SPECIALTY_PRIMARY,163WX1100X,163WX1100X=Registered  Nurse  Ophthalmic
PROVIDER,PROVIDER_SPECIALTY_PRIMARY,163WX1500X,163WX1500X=Registered  Nurse  Ostomy  Care
PROVIDER,PROVIDER_SPECIALTY_PRIMARY,164W00000X,164W00000X=Licensed  Practical  Nurse  
PROVIDER,PROVIDER_SPECIALTY_PRIMARY,164X00000X,164X00000X=Licensed  Vocational  Nurse  
PROVIDER,PROVIDER_SPECIALTY_PRIMARY,167G00000X,167G00000X=Licensed  Psychiatric  Technician  
PROVIDER,PROVIDER_SPECIALTY_PRIMARY,170100000X,"170100000X=Medical  Genetics,  Ph.D.  Medical  Genetics  "
PROVIDER,PROVIDER_SPECIALTY_PRIMARY,170300000X,"170300000X=Genetic  Counselor,  MS  "
PROVIDER,PROVIDER_SPECIALTY_PRIMARY,171000000X,171000000X=Military  Health  Care  Provider  
PROVIDER,PROVIDER_SPECIALTY_PRIMARY,1710I1002X,1710I1002X=Military  Health  Care  Provider  Independent  Duty  Corpsman
PROVIDER,PROVIDER_SPECIALTY_PRIMARY,1710I1003X,1710I1003X=Military  Health  Care  Provider  Independent  Duty  Medical  Technicians
PROVIDER,PROVIDER_SPECIALTY_PRIMARY,171100000X,171100000X=Acupuncturist  
PROVIDER,PROVIDER_SPECIALTY_PRIMARY,171400000X,171400000X=Health & Wellness Coach
PROVIDER,PROVIDER_SPECIALTY_PRIMARY,171M00000X,171M00000X=Case  Manager/Care  Coordinator  
PROVIDER,PROVIDER_SPECIALTY_PRIMARY,171R00000X,171R00000X=Interpreter  
PROVIDER,PROVIDER_SPECIALTY_PRIMARY,171W00000X,171W00000X=Contractor  
PROVIDER,PROVIDER_SPECIALTY_PRIMARY,171WH0202X,171WH0202X=Contractor  Home  Modifications
PROVIDER,PROVIDER_SPECIALTY_PRIMARY,171WV0202X,171WV0202X=Contractor  Vehicle  Modifications
PROVIDER,PROVIDER_SPECIALTY_PRIMARY,172A00000X,172A00000X=Driver  
PROVIDER,PROVIDER_SPECIALTY_PRIMARY,172M00000X,172M00000X=Mechanotherapist  
PROVIDER,PROVIDER_SPECIALTY_PRIMARY,172P00000X,172P00000X=Naprapath  
PROVIDER,PROVIDER_SPECIALTY_PRIMARY,172V00000X,172V00000X=Community  Health  Worker  
PROVIDER,PROVIDER_SPECIALTY_PRIMARY,173000000X,173000000X=Legal  Medicine  
PROVIDER,PROVIDER_SPECIALTY_PRIMARY,173C00000X,173C00000X=Reflexologist  
PROVIDER,PROVIDER_SPECIALTY_PRIMARY,173F00000X,"173F00000X=Sleep  Specialist,  PhD  "
PROVIDER,PROVIDER_SPECIALTY_PRIMARY,174200000X,174200000X=Meals  
PROVIDER,PROVIDER_SPECIALTY_PRIMARY,174400000X,174400000X=Specialist  
PROVIDER,PROVIDER_SPECIALTY_PRIMARY,1744G0900X,1744G0900X=Specialist  Graphics  Designer
PROVIDER,PROVIDER_SPECIALTY_PRIMARY,1744P3200X,1744P3200X=Specialist  Prosthetics  Case  Management
PROVIDER,PROVIDER_SPECIALTY_PRIMARY,1744R1102X,1744R1102X=Specialist  Research  Study
PROVIDER,PROVIDER_SPECIALTY_PRIMARY,1744R1103X,1744R1103X=Specialist  Research  Data  Abstracter/Coder
PROVIDER,PROVIDER_SPECIALTY_PRIMARY,174H00000X,174H00000X=Health  Educator  
PROVIDER,PROVIDER_SPECIALTY_PRIMARY,174M00000X,174M00000X=Veterinarian  
PROVIDER,PROVIDER_SPECIALTY_PRIMARY,174MM1900X,174MM1900X=Veterinarian  Medical  Research
PROVIDER,PROVIDER_SPECIALTY_PRIMARY,174N00000X,"174N00000X=Lactation  Consultant,  Non-RN  "
PROVIDER,PROVIDER_SPECIALTY_PRIMARY,174V00000X,174V00000X=Clinical  Ethicist  
PROVIDER,PROVIDER_SPECIALTY_PRIMARY,175F00000X,175F00000X=Naturopath  
PROVIDER,PROVIDER_SPECIALTY_PRIMARY,175L00000X,175L00000X=Homeopath  
PROVIDER,PROVIDER_SPECIALTY_PRIMARY,175M00000X,"175M00000X=Midwife,  Lay  "
PROVIDER,PROVIDER_SPECIALTY_PRIMARY,175T00000X,175T00000X=Peer  Specialist  
PROVIDER,PROVIDER_SPECIALTY_PRIMARY,176B00000X,176B00000X=Midwife  
PROVIDER,PROVIDER_SPECIALTY_PRIMARY,176P00000X,176P00000X=Funeral  Director  
PROVIDER,PROVIDER_SPECIALTY_PRIMARY,177F00000X,177F00000X=Lodging  
PROVIDER,PROVIDER_SPECIALTY_PRIMARY,183500000X,183500000X=Pharmacist  
PROVIDER,PROVIDER_SPECIALTY_PRIMARY,1835C0205X,1835C0205X=Pharmacist  Critical  Care
PROVIDER,PROVIDER_SPECIALTY_PRIMARY,1835G0000X,1835G0000X=Pharmacist  General  Practice
PROVIDER,PROVIDER_SPECIALTY_PRIMARY,1835G0303X,1835G0303X=Pharmacist  Geriatric
PROVIDER,PROVIDER_SPECIALTY_PRIMARY,1835N0905X,1835N0905X=Pharmacist  Nuclear
PROVIDER,PROVIDER_SPECIALTY_PRIMARY,1835N1003X,1835N1003X=Pharmacist  Nutrition  Support
PROVIDER,PROVIDER_SPECIALTY_PRIMARY,1835P0018X,1835P0018X=Pharmacist  Pharmacist  Clinician  (PhC)/  Clinical  Pharmacy  Specialist
PROVIDER,PROVIDER_SPECIALTY_PRIMARY,1835P0200X,1835P0200X=Pharmacist  Pediatrics
PROVIDER,PROVIDER_SPECIALTY_PRIMARY,1835P1200X,1835P1200X=Pharmacist  Pharmacotherapy
PROVIDER,PROVIDER_SPECIALTY_PRIMARY,1835P1300X,1835P1300X=Pharmacist  Psychiatric
PROVIDER,PROVIDER_SPECIALTY_PRIMARY,1835P2201X,1835P2201X=Pharmacist  Ambulatory  Care
PROVIDER,PROVIDER_SPECIALTY_PRIMARY,1835X0200X,1835X0200X=Pharmacist  Oncology
PROVIDER,PROVIDER_SPECIALTY_PRIMARY,183700000X,183700000X=Pharmacy  Technician  
PROVIDER,PROVIDER_SPECIALTY_PRIMARY,193200000X,193200000X=Multi-Specialty  
PROVIDER,PROVIDER_SPECIALTY_PRIMARY,193400000X,193400000X=Single  Specialty  
PROVIDER,PROVIDER_SPECIALTY_PRIMARY,202C00000X,202C00000X=Independent  Medical  Examiner  
PROVIDER,PROVIDER_SPECIALTY_PRIMARY,202K00000X,202K00000X=Phlebology  
PROVIDER,PROVIDER_SPECIALTY_PRIMARY,204C00000X,"204C00000X=Neuromusculoskeletal  Medicine,  Sports  Medicine  "
PROVIDER,PROVIDER_SPECIALTY_PRIMARY,204D00000X,204D00000X=Neuromusculoskeletal  Medicine  &  OMM  
PROVIDER,PROVIDER_SPECIALTY_PRIMARY,204E00000X,204E00000X=Oral  &  Maxillofacial  Surgery  
PROVIDER,PROVIDER_SPECIALTY_PRIMARY,204F00000X,204F00000X=Transplant  Surgery  
PROVIDER,PROVIDER_SPECIALTY_PRIMARY,204R00000X,204R00000X=Electrodiagnostic  Medicine  
PROVIDER,PROVIDER_SPECIALTY_PRIMARY,207K00000X,207K00000X=Allergy  &  Immunology  
PROVIDER,PROVIDER_SPECIALTY_PRIMARY,207KA0200X,207KA0200X=Allergy  &  Immunology  Allergy
PROVIDER,PROVIDER_SPECIALTY_PRIMARY,207KI0005X,207KI0005X=Allergy  &  Immunology  Clinical  &  Laboratory  Immunology
PROVIDER,PROVIDER_SPECIALTY_PRIMARY,207L00000X,207L00000X=Anesthesiology  
PROVIDER,PROVIDER_SPECIALTY_PRIMARY,207LA0401X,207LA0401X=Anesthesiology  Addiction  Medicine
PROVIDER,PROVIDER_SPECIALTY_PRIMARY,207LC0200X,207LC0200X=Anesthesiology  Critical  Care  Medicine
PROVIDER,PROVIDER_SPECIALTY_PRIMARY,207LH0002X,207LH0002X=Anesthesiology  Hospice  and  Palliative  Medicine
PROVIDER,PROVIDER_SPECIALTY_PRIMARY,207LP2900X,207LP2900X=Anesthesiology  Pain  Medicine
PROVIDER,PROVIDER_SPECIALTY_PRIMARY,207LP3000X,207LP3000X=Anesthesiology  Pediatric  Anesthesiology
PROVIDER,PROVIDER_SPECIALTY_PRIMARY,207N00000X,207N00000X=Dermatology  
PROVIDER,PROVIDER_SPECIALTY_PRIMARY,207ND0101X,207ND0101X=Dermatology  MOHS-Micrographic  Surgery
PROVIDER,PROVIDER_SPECIALTY_PRIMARY,207ND0900X,207ND0900X=Dermatology  Dermatopathology
PROVIDER,PROVIDER_SPECIALTY_PRIMARY,207NI0002X,207NI0002X=Dermatology  Clinical  &  Laboratory  Dermatological  Immunology
PROVIDER,PROVIDER_SPECIALTY_PRIMARY,207NP0225X,207NP0225X=Dermatology  Pediatric  Dermatology
PROVIDER,PROVIDER_SPECIALTY_PRIMARY,207NS0135X,207NS0135X=Dermatology  Procedural  Dermatology
PROVIDER,PROVIDER_SPECIALTY_PRIMARY,207P00000X,207P00000X=Emergency  Medicine  
PROVIDER,PROVIDER_SPECIALTY_PRIMARY,207PE0004X,207PE0004X=Emergency  Medicine  Emergency  Medical  Services
PROVIDER,PROVIDER_SPECIALTY_PRIMARY,207PE0005X,207PE0005X=Emergency  Medicine  Undersea  and  Hyperbaric  Medicine
PROVIDER,PROVIDER_SPECIALTY_PRIMARY,207PH0002X,207PH0002X=Emergency  Medicine  Hospice  and  Palliative  Medicine
PROVIDER,PROVIDER_SPECIALTY_PRIMARY,207PP0204X,207PP0204X=Emergency  Medicine  Pediatric  Emergency  Medicine
PROVIDER,PROVIDER_SPECIALTY_PRIMARY,207PS0010X,207PS0010X=Emergency  Medicine  Sports  Medicine
PROVIDER,PROVIDER_SPECIALTY_PRIMARY,207PT0002X,207PT0002X=Emergency  Medicine  Medical  Toxicology
PROVIDER,PROVIDER_SPECIALTY_PRIMARY,207Q00000X,207Q00000X=Family  Medicine  
PROVIDER,PROVIDER_SPECIALTY_PRIMARY,207QA0000X,207QA0000X=Family  Medicine  Adolescent  Medicine
PROVIDER,PROVIDER_SPECIALTY_PRIMARY,207QA0401X,207QA0401X=Family  Medicine  Addiction  Medicine
PROVIDER,PROVIDER_SPECIALTY_PRIMARY,207QA0505X,207QA0505X=Family  Medicine  Adult  Medicine
PROVIDER,PROVIDER_SPECIALTY_PRIMARY,207QB0002X,207QB0002X=Family  Medicine  Obesity  Medicine
PROVIDER,PROVIDER_SPECIALTY_PRIMARY,207QG0300X,207QG0300X=Family  Medicine  Geriatric  Medicine
PROVIDER,PROVIDER_SPECIALTY_PRIMARY,207QH0002X,207QH0002X=Family  Medicine  Hospice  and  Palliative  Medicine
PROVIDER,PROVIDER_SPECIALTY_PRIMARY,207QS0010X,207QS0010X=Family  Medicine  Sports  Medicine
PROVIDER,PROVIDER_SPECIALTY_PRIMARY,207QS1201X,207QS1201X=Family  Medicine  Sleep  Medicine
PROVIDER,PROVIDER_SPECIALTY_PRIMARY,207R00000X,207R00000X=Internal  Medicine  
PROVIDER,PROVIDER_SPECIALTY_PRIMARY,207RA0000X,207RA0000X=Internal  Medicine  Adolescent  Medicine
PROVIDER,PROVIDER_SPECIALTY_PRIMARY,207RA0001X,207RA0001X=Internal  Medicine  Advanced  Heart  Failure  and  Transplant  Cardiology
PROVIDER,PROVIDER_SPECIALTY_PRIMARY,207RA0002X,207RA0002X=Internal Medicine Adult Congenital Heart Disease
PROVIDER,PROVIDER_SPECIALTY_PRIMARY,207RA0201X,207RA0201X=Internal  Medicine  Allergy  &  Immunology
PROVIDER,PROVIDER_SPECIALTY_PRIMARY,207RA0401X,207RA0401X=Internal  Medicine  Addiction  Medicine
PROVIDER,PROVIDER_SPECIALTY_PRIMARY,207RB0002X,207RB0002X=Internal  Medicine  Obesity  Medicine
PROVIDER,PROVIDER_SPECIALTY_PRIMARY,207RC0000X,207RC0000X=Internal  Medicine  Cardiovascular  Disease
PROVIDER,PROVIDER_SPECIALTY_PRIMARY,207RC0001X,207RC0001X=Internal  Medicine  Clinical  Cardiac  Electrophysiology
PROVIDER,PROVIDER_SPECIALTY_PRIMARY,207RC0200X,207RC0200X=Internal  Medicine  Critical  Care  Medicine
PROVIDER,PROVIDER_SPECIALTY_PRIMARY,207RE0101X,"207RE0101X=Internal  Medicine  Endocrinology,  Diabetes  &  Metabolism"
PROVIDER,PROVIDER_SPECIALTY_PRIMARY,207RG0100X,207RG0100X=Internal  Medicine  Gastroenterology
PROVIDER,PROVIDER_SPECIALTY_PRIMARY,207RG0300X,207RG0300X=Internal  Medicine  Geriatric  Medicine
PROVIDER,PROVIDER_SPECIALTY_PRIMARY,207RH0000X,207RH0000X=Internal  Medicine  Hematology
PROVIDER,PROVIDER_SPECIALTY_PRIMARY,207RH0002X,207RH0002X=Internal  Medicine  Hospice  and  Palliative  Medicine
PROVIDER,PROVIDER_SPECIALTY_PRIMARY,207RH0003X,207RH0003X=Internal  Medicine  Hematology  &  Oncology
PROVIDER,PROVIDER_SPECIALTY_PRIMARY,207RH0005X,207RH0005X=Internal  Medicine  Hypertension  Specialist
PROVIDER,PROVIDER_SPECIALTY_PRIMARY,207RI0001X,207RI0001X=Internal  Medicine  Clinical  &  Laboratory  Immunology
PROVIDER,PROVIDER_SPECIALTY_PRIMARY,207RI0008X,207RI0008X=Internal  Medicine  Hepatology
PROVIDER,PROVIDER_SPECIALTY_PRIMARY,207RI0011X,207RI0011X=Internal  Medicine  Interventional  Cardiology
PROVIDER,PROVIDER_SPECIALTY_PRIMARY,207RI0200X,207RI0200X=Internal  Medicine  Infectious  Disease
PROVIDER,PROVIDER_SPECIALTY_PRIMARY,207RM1200X,207RM1200X=Internal  Medicine  Magnetic  Resonance  Imaging  (MRI)
PROVIDER,PROVIDER_SPECIALTY_PRIMARY,207RN0300X,207RN0300X=Internal  Medicine  Nephrology
PROVIDER,PROVIDER_SPECIALTY_PRIMARY,207RP1001X,207RP1001X=Internal  Medicine  Pulmonary  Disease
PROVIDER,PROVIDER_SPECIALTY_PRIMARY,207RR0500X,207RR0500X=Internal  Medicine  Rheumatology
PROVIDER,PROVIDER_SPECIALTY_PRIMARY,207RS0010X,207RS0010X=Internal  Medicine  Sports  Medicine
PROVIDER,PROVIDER_SPECIALTY_PRIMARY,207RS0012X,207RS0012X=Internal  Medicine  Sleep  Medicine
PROVIDER,PROVIDER_SPECIALTY_PRIMARY,207RT0003X,207RT0003X=Internal  Medicine  Transplant  Hepatology
PROVIDER,PROVIDER_SPECIALTY_PRIMARY,207RX0202X,207RX0202X=Internal  Medicine  Medical  Oncology
PROVIDER,PROVIDER_SPECIALTY_PRIMARY,207SC0300X,207SC0300X=Medical  Genetics  Clinical  Cytogenetic
PROVIDER,PROVIDER_SPECIALTY_PRIMARY,207SG0201X,207SG0201X=Medical  Genetics  Clinical  Genetics  (M.D.)
PROVIDER,PROVIDER_SPECIALTY_PRIMARY,207SG0202X,207SG0202X=Medical  Genetics  Clinical  Biochemical  Genetics
PROVIDER,PROVIDER_SPECIALTY_PRIMARY,207SG0203X,207SG0203X=Medical  Genetics  Clinical  Molecular  Genetics
PROVIDER,PROVIDER_SPECIALTY_PRIMARY,207SG0205X,207SG0205X=Medical  Genetics  Ph.D.  Medical  Genetics
PROVIDER,PROVIDER_SPECIALTY_PRIMARY,207SM0001X,207SM0001X=Medical  Genetics  Molecular  Genetic  Pathology
PROVIDER,PROVIDER_SPECIALTY_PRIMARY,207T00000X,207T00000X=Neurological  Surgery  
PROVIDER,PROVIDER_SPECIALTY_PRIMARY,207U00000X,207U00000X=Nuclear  Medicine  
PROVIDER,PROVIDER_SPECIALTY_PRIMARY,207UN0901X,207UN0901X=Nuclear  Medicine  Nuclear  Cardiology
PROVIDER,PROVIDER_SPECIALTY_PRIMARY,207UN0902X,207UN0902X=Nuclear  Medicine  Nuclear  Imaging  &  Therapy
PROVIDER,PROVIDER_SPECIALTY_PRIMARY,207UN0903X,207UN0903X=Nuclear  Medicine  In  Vivo  &  In  Vitro  Nuclear  Medicine
PROVIDER,PROVIDER_SPECIALTY_PRIMARY,207V00000X,207V00000X=Obstetrics  &  Gynecology  
PROVIDER,PROVIDER_SPECIALTY_PRIMARY,207VB0002X,207VB0002X=Obstetrics  &  Gynecology  Obesity  Medicine
PROVIDER,PROVIDER_SPECIALTY_PRIMARY,207VC0200X,207VC0200X=Obstetrics  &  Gynecology  Critical  Care  Medicine
PROVIDER,PROVIDER_SPECIALTY_PRIMARY,207VE0102X,207VE0102X=Obstetrics  &  Gynecology  Reproductive  Endocrinology
PROVIDER,PROVIDER_SPECIALTY_PRIMARY,207VF0040X,207VF0040X=Obstetrics  &  Gynecology  Female  Pelvic  Medicine  and  Reconstructive  Surgery
PROVIDER,PROVIDER_SPECIALTY_PRIMARY,207VG0400X,207VG0400X=Obstetrics  &  Gynecology  Gynecology
PROVIDER,PROVIDER_SPECIALTY_PRIMARY,207VH0002X,207VH0002X=Obstetrics  &  Gynecology  Hospice  and  Palliative  Medicine
PROVIDER,PROVIDER_SPECIALTY_PRIMARY,207VM0101X,207VM0101X=Obstetrics  &  Gynecology  Maternal  &  Fetal  Medicine
PROVIDER,PROVIDER_SPECIALTY_PRIMARY,207VX0000X,207VX0000X=Obstetrics  &  Gynecology  Obstetrics
PROVIDER,PROVIDER_SPECIALTY_PRIMARY,207VX0201X,207VX0201X=Obstetrics  &  Gynecology  Gynecologic  Oncology
PROVIDER,PROVIDER_SPECIALTY_PRIMARY,207W00000X,207W00000X=Ophthalmology  
PROVIDER,PROVIDER_SPECIALTY_PRIMARY,207WX0009X,207WX0009X=Ophthalmology  Glaucoma  Specialist
PROVIDER,PROVIDER_SPECIALTY_PRIMARY,207WX0107X,207WX0107X=Ophthalmology  Retina  Specialist
PROVIDER,PROVIDER_SPECIALTY_PRIMARY,207WX0108X,207WX0108X=Ophthalmology  Uveitis  and  Ocular  Inflammatory  Disease
PROVIDER,PROVIDER_SPECIALTY_PRIMARY,207WX0109X,207WX0109X=Ophthalmology  Neuro-ophthalmology
PROVIDER,PROVIDER_SPECIALTY_PRIMARY,207WX0110X,207WX0110X=Ophthalmology  Pediatric  Ophthalmology  and  Strabismus  Specialist
PROVIDER,PROVIDER_SPECIALTY_PRIMARY,207WX0120X,207WX0120X=Ophthalmology Cornea and External Diseases Speci
PROVIDER,PROVIDER_SPECIALTY_PRIMARY,207WX0200X,207WX0200X=Ophthalmology  Ophthalmic  Plastic  and  Reconstructive  Surgery
PROVIDER,PROVIDER_SPECIALTY_PRIMARY,207X00000X,207X00000X=Orthopaedic  Surgery  
PROVIDER,PROVIDER_SPECIALTY_PRIMARY,207XP3100X,207XP3100X=Orthopaedic  Surgery  Pediatric  Orthopaedic  Surgery
PROVIDER,PROVIDER_SPECIALTY_PRIMARY,207XS0106X,207XS0106X=Orthopaedic  Surgery  Hand  Surgery
PROVIDER,PROVIDER_SPECIALTY_PRIMARY,207XS0114X,207XS0114X=Orthopaedic  Surgery  Adult  Reconstructive  Orthopaedic  Surgery
PROVIDER,PROVIDER_SPECIALTY_PRIMARY,207XS0117X,207XS0117X=Orthopaedic  Surgery  Orthopaedic  Surgery  of  the  Spine
PROVIDER,PROVIDER_SPECIALTY_PRIMARY,207XX0004X,207XX0004X=Orthopaedic  Surgery  Foot  and  Ankle  Surgery
PROVIDER,PROVIDER_SPECIALTY_PRIMARY,207XX0005X,207XX0005X=Orthopaedic  Surgery  Sports  Medicine
PROVIDER,PROVIDER_SPECIALTY_PRIMARY,207XX0801X,207XX0801X=Orthopaedic  Surgery  Orthopaedic  Trauma
PROVIDER,PROVIDER_SPECIALTY_PRIMARY,207Y00000X,207Y00000X=Otolaryngology  
PROVIDER,PROVIDER_SPECIALTY_PRIMARY,207YP0228X,207YP0228X=Otolaryngology  Pediatric  Otolaryngology
PROVIDER,PROVIDER_SPECIALTY_PRIMARY,207YS0012X,207YS0012X=Otolaryngology  Sleep  Medicine
PROVIDER,PROVIDER_SPECIALTY_PRIMARY,207YS0123X,207YS0123X=Otolaryngology  Facial  Plastic  Surgery
PROVIDER,PROVIDER_SPECIALTY_PRIMARY,207YX0007X,207YX0007X=Otolaryngology  Plastic  Surgery  within  the  Head  &  Neck
PROVIDER,PROVIDER_SPECIALTY_PRIMARY,207YX0602X,207YX0602X=Otolaryngology  Otolaryngic  Allergy
PROVIDER,PROVIDER_SPECIALTY_PRIMARY,207YX0901X,207YX0901X=Otolaryngology  Otology  &  Neurotology
PROVIDER,PROVIDER_SPECIALTY_PRIMARY,207YX0905X,207YX0905X=Otolaryngology  Otolaryngology/Facial  Plastic  Surgery
PROVIDER,PROVIDER_SPECIALTY_PRIMARY,207ZB0001X,207ZB0001X=Pathology  Blood  Banking  &  Transfusion  Medicine
PROVIDER,PROVIDER_SPECIALTY_PRIMARY,207ZC0006X,207ZC0006X=Pathology  Clinical  Pathology
PROVIDER,PROVIDER_SPECIALTY_PRIMARY,207ZC0008X,207ZC0008X=Pathology  Clinical  Informatics
PROVIDER,PROVIDER_SPECIALTY_PRIMARY,207ZC0500X,207ZC0500X=Pathology  Cytopathology
PROVIDER,PROVIDER_SPECIALTY_PRIMARY,207ZD0900X,207ZD0900X=Pathology  Dermatopathology
PROVIDER,PROVIDER_SPECIALTY_PRIMARY,207ZF0201X,207ZF0201X=Pathology  Forensic  Pathology
PROVIDER,PROVIDER_SPECIALTY_PRIMARY,207ZH0000X,207ZH0000X=Pathology  Hematology
PROVIDER,PROVIDER_SPECIALTY_PRIMARY,207ZI0100X,207ZI0100X=Pathology  Immunopathology
PROVIDER,PROVIDER_SPECIALTY_PRIMARY,207ZM0300X,207ZM0300X=Pathology  Medical  Microbiology
PROVIDER,PROVIDER_SPECIALTY_PRIMARY,207ZN0500X,207ZN0500X=Pathology  Neuropathology
PROVIDER,PROVIDER_SPECIALTY_PRIMARY,207ZP0007X,207ZP0007X=Pathology  Molecular  Genetic  Pathology
PROVIDER,PROVIDER_SPECIALTY_PRIMARY,207ZP0101X,207ZP0101X=Pathology  Anatomic  Pathology
PROVIDER,PROVIDER_SPECIALTY_PRIMARY,207ZP0102X,207ZP0102X=Pathology  Anatomic  Pathology  &  Clinical  Pathology
PROVIDER,PROVIDER_SPECIALTY_PRIMARY,207ZP0104X,207ZP0104X=Pathology  Chemical  Pathology
PROVIDER,PROVIDER_SPECIALTY_PRIMARY,207ZP0105X,207ZP0105X=Pathology  Clinical  Pathology/Laboratory  Medicine
PROVIDER,PROVIDER_SPECIALTY_PRIMARY,207ZP0213X,207ZP0213X=Pathology  Pediatric  Pathology
PROVIDER,PROVIDER_SPECIALTY_PRIMARY,208000000X,208000000X=Pediatrics  
PROVIDER,PROVIDER_SPECIALTY_PRIMARY,2080A0000X,2080A0000X=Pediatrics  Adolescent  Medicine
PROVIDER,PROVIDER_SPECIALTY_PRIMARY,2080B0002X,2080B0002X=Pediatrics  Obesity  Medicine
PROVIDER,PROVIDER_SPECIALTY_PRIMARY,2080C0008X,2080C0008X=Pediatrics  Child  Abuse  Pediatrics
PROVIDER,PROVIDER_SPECIALTY_PRIMARY,2080H0002X,2080H0002X=Pediatrics  Hospice  and  Palliative  Medicine
PROVIDER,PROVIDER_SPECIALTY_PRIMARY,2080I0007X,2080I0007X=Pediatrics  Clinical  &  Laboratory  Immunology
PROVIDER,PROVIDER_SPECIALTY_PRIMARY,2080N0001X,2080N0001X=Pediatrics  Neonatal-Perinatal  Medicine
PROVIDER,PROVIDER_SPECIALTY_PRIMARY,2080P0006X,2080P0006X=Pediatrics  Developmental  â€“  Behavioral  Pediatrics
PROVIDER,PROVIDER_SPECIALTY_PRIMARY,2080P0008X,2080P0008X=Pediatrics  Neurodevelopmental  Disabilities
PROVIDER,PROVIDER_SPECIALTY_PRIMARY,2080P0201X,2080P0201X=Pediatrics  Pediatric  Allergy/Immunology
PROVIDER,PROVIDER_SPECIALTY_PRIMARY,2080P0202X,2080P0202X=Pediatrics  Pediatric  Cardiology
PROVIDER,PROVIDER_SPECIALTY_PRIMARY,2080P0203X,2080P0203X=Pediatrics  Pediatric  Critical  Care  Medicine
PROVIDER,PROVIDER_SPECIALTY_PRIMARY,2080P0204X,2080P0204X=Pediatrics  Pediatric  Emergency  Medicine
PROVIDER,PROVIDER_SPECIALTY_PRIMARY,2080P0205X,2080P0205X=Pediatrics  Pediatric  Endocrinology
PROVIDER,PROVIDER_SPECIALTY_PRIMARY,2080P0206X,2080P0206X=Pediatrics  Pediatric  Gastroenterology
PROVIDER,PROVIDER_SPECIALTY_PRIMARY,2080P0207X,2080P0207X=Pediatrics  Pediatric  Hematology-Oncology
PROVIDER,PROVIDER_SPECIALTY_PRIMARY,2080P0208X,2080P0208X=Pediatrics  Pediatric  Infectious  Diseases
PROVIDER,PROVIDER_SPECIALTY_PRIMARY,2080P0210X,2080P0210X=Pediatrics  Pediatric  Nephrology
PROVIDER,PROVIDER_SPECIALTY_PRIMARY,2080P0214X,2080P0214X=Pediatrics  Pediatric  Pulmonology
PROVIDER,PROVIDER_SPECIALTY_PRIMARY,2080P0216X,2080P0216X=Pediatrics  Pediatric  Rheumatology
PROVIDER,PROVIDER_SPECIALTY_PRIMARY,2080S0010X,2080S0010X=Pediatrics  Sports  Medicine
PROVIDER,PROVIDER_SPECIALTY_PRIMARY,2080S0012X,2080S0012X=Pediatrics  Sleep  Medicine
PROVIDER,PROVIDER_SPECIALTY_PRIMARY,2080T0002X,2080T0002X=Pediatrics  Medical  Toxicology
PROVIDER,PROVIDER_SPECIALTY_PRIMARY,2080T0004X,2080T0004X=Pediatrics  Pediatric  Transplant  Hepatology
PROVIDER,PROVIDER_SPECIALTY_PRIMARY,208100000X,208100000X=Physical  Medicine  &  Rehabilitation  
PROVIDER,PROVIDER_SPECIALTY_PRIMARY,2081H0002X,2081H0002X=Physical  Medicine  &  Rehabilitation  Hospice  and  Palliative  Medicine
PROVIDER,PROVIDER_SPECIALTY_PRIMARY,2081N0008X,2081N0008X=Physical  Medicine  &  Rehabilitation  Neuromuscular  Medicine
PROVIDER,PROVIDER_SPECIALTY_PRIMARY,2081P0004X,2081P0004X=Physical  Medicine  &  Rehabilitation  Spinal  Cord  Injury  Medicine
PROVIDER,PROVIDER_SPECIALTY_PRIMARY,2081P0010X,2081P0010X=Physical  Medicine  &  Rehabilitation  Pediatric  Rehabilitation  Medicine
PROVIDER,PROVIDER_SPECIALTY_PRIMARY,2081P0301X,2081P0301X=Physical  Medicine  &  Rehabilitation  Brain  Injury  Medicine
PROVIDER,PROVIDER_SPECIALTY_PRIMARY,2081P2900X,2081P2900X=Physical  Medicine  &  Rehabilitation  Pain  Medicine
PROVIDER,PROVIDER_SPECIALTY_PRIMARY,2081S0010X,2081S0010X=Physical  Medicine  &  Rehabilitation  Sports  Medicine
PROVIDER,PROVIDER_SPECIALTY_PRIMARY,208200000X,208200000X=Plastic  Surgery  
PROVIDER,PROVIDER_SPECIALTY_PRIMARY,2082S0099X,2082S0099X=Plastic  Surgery  Plastic  Surgery  Within  the  Head  and  Neck
PROVIDER,PROVIDER_SPECIALTY_PRIMARY,2082S0105X,2082S0105X=Plastic  Surgery  Surgery  of  the  Hand
PROVIDER,PROVIDER_SPECIALTY_PRIMARY,2083A0100X,2083A0100X=Preventive  Medicine  Aerospace  Medicine
PROVIDER,PROVIDER_SPECIALTY_PRIMARY,2083A0300X,2083A0300X=Preventive Medicine Addiction Medicine
PROVIDER,PROVIDER_SPECIALTY_PRIMARY,2083B0002X,2083B0002X=Preventive  Medicine  Obesity  Medicine
PROVIDER,PROVIDER_SPECIALTY_PRIMARY,2083C0008X,2083C0008X=Preventive  Medicine  Clinical  Informatics
PROVIDER,PROVIDER_SPECIALTY_PRIMARY,2083P0011X,2083P0011X=Preventive  Medicine  Undersea  and  Hyperbaric  Medicine
PROVIDER,PROVIDER_SPECIALTY_PRIMARY,2083P0500X,2083P0500X=Preventive  Medicine  Preventive  Medicine/Occupational  Environmental  Medicine
PROVIDER,PROVIDER_SPECIALTY_PRIMARY,2083P0901X,2083P0901X=Preventive  Medicine  Public  Health  &  General  Preventive  Medicine
PROVIDER,PROVIDER_SPECIALTY_PRIMARY,2083S0010X,2083S0010X=Preventive  Medicine  Sports  Medicine
PROVIDER,PROVIDER_SPECIALTY_PRIMARY,2083T0002X,2083T0002X=Preventive  Medicine  Medical  Toxicology
PROVIDER,PROVIDER_SPECIALTY_PRIMARY,2083X0100X,2083X0100X=Preventive  Medicine  Occupational  Medicine
PROVIDER,PROVIDER_SPECIALTY_PRIMARY,2084A0401X,2084A0401X=Psychiatry  &  Neurology  Addiction  Medicine
PROVIDER,PROVIDER_SPECIALTY_PRIMARY,2084A2900X,2084A2900X=Psychiatry  &  Neurology  Neurocritical  Care
PROVIDER,PROVIDER_SPECIALTY_PRIMARY,2084B0002X,2084B0002X=Psychiatry  &  Neurology  Obesity  Medicine
PROVIDER,PROVIDER_SPECIALTY_PRIMARY,2084B0040X,2084B0040X=Psychiatry  &  Neurology  Behavioral  Neurology  &  Neuropsychiatry
PROVIDER,PROVIDER_SPECIALTY_PRIMARY,2084D0003X,2084D0003X=Psychiatry  &  Neurology  Diagnostic  Neuroimaging
PROVIDER,PROVIDER_SPECIALTY_PRIMARY,2084F0202X,2084F0202X=Psychiatry  &  Neurology  Forensic  Psychiatry
PROVIDER,PROVIDER_SPECIALTY_PRIMARY,2084H0002X,2084H0002X=Psychiatry  &  Neurology  Hospice  and  Palliative  Medicine
PROVIDER,PROVIDER_SPECIALTY_PRIMARY,2084N0008X,2084N0008X=Psychiatry  &  Neurology  Neuromuscular  Medicine
PROVIDER,PROVIDER_SPECIALTY_PRIMARY,2084N0400X,2084N0400X=Psychiatry  &  Neurology  Neurology
PROVIDER,PROVIDER_SPECIALTY_PRIMARY,2084N0402X,2084N0402X=Psychiatry  &  Neurology  Neurology  with  Special  Qualifications  in  Child  Neurology
PROVIDER,PROVIDER_SPECIALTY_PRIMARY,2084N0600X,2084N0600X=Psychiatry  &  Neurology  Clinical  Neurophysiology
PROVIDER,PROVIDER_SPECIALTY_PRIMARY,2084P0005X,2084P0005X=Psychiatry  &  Neurology  Neurodevelopmental  Disabilities
PROVIDER,PROVIDER_SPECIALTY_PRIMARY,2084P0015X,2084P0015X=Psychiatry  &  Neurology  Psychosomatic  Medicine
PROVIDER,PROVIDER_SPECIALTY_PRIMARY,2084P0301X,2084P0301X=Psychiatry  &  Neurology  Brain  Injury  Medicine
PROVIDER,PROVIDER_SPECIALTY_PRIMARY,2084P0800X,2084P0800X=Psychiatry  &  Neurology  Psychiatry
PROVIDER,PROVIDER_SPECIALTY_PRIMARY,2084P0802X,2084P0802X=Psychiatry  &  Neurology  Addiction  Psychiatry
PROVIDER,PROVIDER_SPECIALTY_PRIMARY,2084P0804X,2084P0804X=Psychiatry  &  Neurology  Child  &  Adolescent  Psychiatry
PROVIDER,PROVIDER_SPECIALTY_PRIMARY,2084P0805X,2084P0805X=Psychiatry  &  Neurology  Geriatric  Psychiatry
PROVIDER,PROVIDER_SPECIALTY_PRIMARY,2084P2900X,2084P2900X=Psychiatry  &  Neurology  Pain  Medicine
PROVIDER,PROVIDER_SPECIALTY_PRIMARY,2084S0010X,2084S0010X=Psychiatry  &  Neurology  Sports  Medicine
PROVIDER,PROVIDER_SPECIALTY_PRIMARY,2084S0012X,2084S0012X=Psychiatry  &  Neurology  Sleep  Medicine
PROVIDER,PROVIDER_SPECIALTY_PRIMARY,2084V0102X,2084V0102X=Psychiatry  &  Neurology  Vascular  Neurology
PROVIDER,PROVIDER_SPECIALTY_PRIMARY,2085B0100X,2085B0100X=Radiology  Body  Imaging
PROVIDER,PROVIDER_SPECIALTY_PRIMARY,2085D0003X,2085D0003X=Radiology  Diagnostic  Neuroimaging
PROVIDER,PROVIDER_SPECIALTY_PRIMARY,2085H0002X,2085H0002X=Radiology  Hospice  and  Palliative  Medicine
PROVIDER,PROVIDER_SPECIALTY_PRIMARY,2085N0700X,2085N0700X=Radiology  Neuroradiology
PROVIDER,PROVIDER_SPECIALTY_PRIMARY,2085N0904X,2085N0904X=Radiology  Nuclear  Radiology
PROVIDER,PROVIDER_SPECIALTY_PRIMARY,2085P0229X,2085P0229X=Radiology  Pediatric  Radiology
PROVIDER,PROVIDER_SPECIALTY_PRIMARY,2085R0001X,2085R0001X=Radiology  Radiation  Oncology
PROVIDER,PROVIDER_SPECIALTY_PRIMARY,2085R0202X,2085R0202X=Radiology  Diagnostic  Radiology
PROVIDER,PROVIDER_SPECIALTY_PRIMARY,2085R0203X,2085R0203X=Radiology  Therapeutic  Radiology
PROVIDER,PROVIDER_SPECIALTY_PRIMARY,2085R0204X,2085R0204X=Radiology  Vascular  &  Interventional  Radiology
PROVIDER,PROVIDER_SPECIALTY_PRIMARY,2085R0205X,2085R0205X=Radiology  Radiological  Physics
PROVIDER,PROVIDER_SPECIALTY_PRIMARY,2085U0001X,2085U0001X=Radiology  Diagnostic  Ultrasound
PROVIDER,PROVIDER_SPECIALTY_PRIMARY,208600000X,208600000X=Surgery  
PROVIDER,PROVIDER_SPECIALTY_PRIMARY,2086H0002X,2086H0002X=Surgery  Hospice  and  Palliative  Medicine
PROVIDER,PROVIDER_SPECIALTY_PRIMARY,2086S0102X,2086S0102X=Surgery  Surgical  Critical  Care
PROVIDER,PROVIDER_SPECIALTY_PRIMARY,2086S0105X,2086S0105X=Surgery  Surgery  of  the  Hand
PROVIDER,PROVIDER_SPECIALTY_PRIMARY,2086S0120X,2086S0120X=Surgery  Pediatric  Surgery
PROVIDER,PROVIDER_SPECIALTY_PRIMARY,2086S0122X,2086S0122X=Surgery  Plastic  and  Reconstructive  Surgery
PROVIDER,PROVIDER_SPECIALTY_PRIMARY,2086S0127X,2086S0127X=Surgery  Trauma  Surgery
PROVIDER,PROVIDER_SPECIALTY_PRIMARY,2086S0129X,2086S0129X=Surgery  Vascular  Surgery
PROVIDER,PROVIDER_SPECIALTY_PRIMARY,2086X0206X,2086X0206X=Surgery  Surgical  Oncology
PROVIDER,PROVIDER_SPECIALTY_PRIMARY,208800000X,208800000X=Urology  
PROVIDER,PROVIDER_SPECIALTY_PRIMARY,2088F0040X,2088F0040X=Urology  Female  Pelvic  Medicine  and  Reconstructive  Surgery
PROVIDER,PROVIDER_SPECIALTY_PRIMARY,2088P0231X,2088P0231X=Urology  Pediatric  Urology
PROVIDER,PROVIDER_SPECIALTY_PRIMARY,208C00000X,208C00000X=Colon  &  Rectal  Surgery  
PROVIDER,PROVIDER_SPECIALTY_PRIMARY,208D00000X,208D00000X=General  Practice  
PROVIDER,PROVIDER_SPECIALTY_PRIMARY,208G00000X,208G00000X=Thoracic  Surgery  (Cardiothoracic  Vascular  Surgery)  
PROVIDER,PROVIDER_SPECIALTY_PRIMARY,208M00000X,208M00000X=Hospitalist  
PROVIDER,PROVIDER_SPECIALTY_PRIMARY,208U00000X,208U00000X=Clinical  Pharmacology  
PROVIDER,PROVIDER_SPECIALTY_PRIMARY,208VP0000X,208VP0000X=Pain  Medicine  Pain  Medicine
PROVIDER,PROVIDER_SPECIALTY_PRIMARY,208VP0014X,208VP0014X=Pain  Medicine  Interventional  Pain  Medicine
PROVIDER,PROVIDER_SPECIALTY_PRIMARY,209800000X,209800000X=Legal  Medicine  
PROVIDER,PROVIDER_SPECIALTY_PRIMARY,211D00000X,"211D00000X=Assistant,  Podiatric  "
PROVIDER,PROVIDER_SPECIALTY_PRIMARY,213E00000X,213E00000X=Podiatrist  
PROVIDER,PROVIDER_SPECIALTY_PRIMARY,213EG0000X,213EG0000X=Podiatrist  General  Practice
PROVIDER,PROVIDER_SPECIALTY_PRIMARY,213EP0504X,213EP0504X=Podiatrist  Public  Medicine
PROVIDER,PROVIDER_SPECIALTY_PRIMARY,213EP1101X,213EP1101X=Podiatrist  Primary  Podiatric  Medicine
PROVIDER,PROVIDER_SPECIALTY_PRIMARY,213ER0200X,213ER0200X=Podiatrist  Radiology
PROVIDER,PROVIDER_SPECIALTY_PRIMARY,213ES0000X,213ES0000X=Podiatrist  Sports  Medicine
PROVIDER,PROVIDER_SPECIALTY_PRIMARY,213ES0103X,213ES0103X=Podiatrist  Foot  &  Ankle  Surgery
PROVIDER,PROVIDER_SPECIALTY_PRIMARY,213ES0131X,213ES0131X=Podiatrist  Foot  Surgery
PROVIDER,PROVIDER_SPECIALTY_PRIMARY,221700000X,221700000X=Art  Therapist  
PROVIDER,PROVIDER_SPECIALTY_PRIMARY,222Q00000X,222Q00000X=Developmental  Therapist  
PROVIDER,PROVIDER_SPECIALTY_PRIMARY,222Z00000X,222Z00000X=Orthotist  
PROVIDER,PROVIDER_SPECIALTY_PRIMARY,224900000X,224900000X=Mastectomy  Fitter  
PROVIDER,PROVIDER_SPECIALTY_PRIMARY,224L00000X,224L00000X=Pedorthist  
PROVIDER,PROVIDER_SPECIALTY_PRIMARY,224P00000X,224P00000X=Prosthetist  
PROVIDER,PROVIDER_SPECIALTY_PRIMARY,224Y00000X,224Y00000X=Clinical  Exercise  Physiologist  
PROVIDER,PROVIDER_SPECIALTY_PRIMARY,224Z00000X,224Z00000X=Occupational  Therapy  Assistant  
PROVIDER,PROVIDER_SPECIALTY_PRIMARY,224ZE0001X,224ZE0001X=Occupational  Therapy  Assistant  Environmental  Modification
PROVIDER,PROVIDER_SPECIALTY_PRIMARY,224ZF0002X,"224ZF0002X=Occupational  Therapy  Assistant  Feeding,  Eating  &  Swallowing"
PROVIDER,PROVIDER_SPECIALTY_PRIMARY,224ZL0004X,224ZL0004X=Occupational  Therapy  Assistant  Low  Vision
PROVIDER,PROVIDER_SPECIALTY_PRIMARY,224ZR0403X,224ZR0403X=Occupational  Therapy  Assistant  Driving  and  Community  Mobility
PROVIDER,PROVIDER_SPECIALTY_PRIMARY,225000000X,225000000X=Orthotic  Fitter  
PROVIDER,PROVIDER_SPECIALTY_PRIMARY,225100000X,225100000X=Physical  Therapist  
PROVIDER,PROVIDER_SPECIALTY_PRIMARY,2251C2600X,2251C2600X=Physical  Therapist  Cardiopulmonary
PROVIDER,PROVIDER_SPECIALTY_PRIMARY,2251E1200X,2251E1200X=Physical  Therapist  Ergonomics
PROVIDER,PROVIDER_SPECIALTY_PRIMARY,2251E1300X,"2251E1300X=Physical  Therapist  Electrophysiology,  Clinical"
PROVIDER,PROVIDER_SPECIALTY_PRIMARY,2251G0304X,2251G0304X=Physical  Therapist  Geriatrics
PROVIDER,PROVIDER_SPECIALTY_PRIMARY,2251H1200X,2251H1200X=Physical  Therapist  Hand
PROVIDER,PROVIDER_SPECIALTY_PRIMARY,2251H1300X,2251H1300X=Physical  Therapist  Human  Factors
PROVIDER,PROVIDER_SPECIALTY_PRIMARY,2251N0400X,2251N0400X=Physical  Therapist  Neurology
PROVIDER,PROVIDER_SPECIALTY_PRIMARY,2251P0200X,2251P0200X=Physical  Therapist  Pediatrics
PROVIDER,PROVIDER_SPECIALTY_PRIMARY,2251S0007X,2251S0007X=Physical  Therapist  Sports
PROVIDER,PROVIDER_SPECIALTY_PRIMARY,2251X0800X,2251X0800X=Physical  Therapist  Orthopedic
PROVIDER,PROVIDER_SPECIALTY_PRIMARY,225200000X,225200000X=Physical  Therapy  Assistant  
PROVIDER,PROVIDER_SPECIALTY_PRIMARY,225400000X,225400000X=Rehabilitation  Practitioner  
PROVIDER,PROVIDER_SPECIALTY_PRIMARY,225500000X,225500000X=Specialist/Technologist  
PROVIDER,PROVIDER_SPECIALTY_PRIMARY,2255A2300X,2255A2300X=Specialist/Technologist  Athletic  Trainer
PROVIDER,PROVIDER_SPECIALTY_PRIMARY,2255R0406X,"2255R0406X=Specialist/Technologist  Rehabilitation,  Blind"
PROVIDER,PROVIDER_SPECIALTY_PRIMARY,225600000X,225600000X=Dance  Therapist  
PROVIDER,PROVIDER_SPECIALTY_PRIMARY,225700000X,225700000X=Massage  Therapist  
PROVIDER,PROVIDER_SPECIALTY_PRIMARY,225800000X,225800000X=Recreation  Therapist  
PROVIDER,PROVIDER_SPECIALTY_PRIMARY,225A00000X,225A00000X=Music  Therapist  
PROVIDER,PROVIDER_SPECIALTY_PRIMARY,225B00000X,225B00000X=Pulmonary  Function  Technologist  
PROVIDER,PROVIDER_SPECIALTY_PRIMARY,225C00000X,225C00000X=Rehabilitation  Counselor  
PROVIDER,PROVIDER_SPECIALTY_PRIMARY,225CA2400X,225CA2400X=Rehabilitation  Counselor  Assistive  Technology  Practitioner
PROVIDER,PROVIDER_SPECIALTY_PRIMARY,225CA2500X,225CA2500X=Rehabilitation  Counselor  Assistive  Technology  Supplier
PROVIDER,PROVIDER_SPECIALTY_PRIMARY,225CX0006X,225CX0006X=Rehabilitation  Counselor  Orientation  and  Mobility  Training  Provider
PROVIDER,PROVIDER_SPECIALTY_PRIMARY,225X00000X,225X00000X=Occupational  Therapist  
PROVIDER,PROVIDER_SPECIALTY_PRIMARY,225XE0001X,225XE0001X=Occupational  Therapist  Environmental  Modification
PROVIDER,PROVIDER_SPECIALTY_PRIMARY,225XE1200X,225XE1200X=Occupational  Therapist  Ergonomics
PROVIDER,PROVIDER_SPECIALTY_PRIMARY,225XF0002X,"225XF0002X=Occupational  Therapist  Feeding,  Eating  &  Swallowing"
PROVIDER,PROVIDER_SPECIALTY_PRIMARY,225XG0600X,225XG0600X=Occupational  Therapist  Gerontology
PROVIDER,PROVIDER_SPECIALTY_PRIMARY,225XH1200X,225XH1200X=Occupational  Therapist  Hand
PROVIDER,PROVIDER_SPECIALTY_PRIMARY,225XH1300X,225XH1300X=Occupational  Therapist  Human  Factors
PROVIDER,PROVIDER_SPECIALTY_PRIMARY,225XL0004X,225XL0004X=Occupational  Therapist  Low  Vision
PROVIDER,PROVIDER_SPECIALTY_PRIMARY,225XM0800X,225XM0800X=Occupational  Therapist  Mental  Health
PROVIDER,PROVIDER_SPECIALTY_PRIMARY,225XN1300X,225XN1300X=Occupational  Therapist  Neurorehabilitation
PROVIDER,PROVIDER_SPECIALTY_PRIMARY,225XP0019X,225XP0019X=Occupational  Therapist  Physical  Rehabilitation
PROVIDER,PROVIDER_SPECIALTY_PRIMARY,225XP0200X,225XP0200X=Occupational  Therapist  Pediatrics
PROVIDER,PROVIDER_SPECIALTY_PRIMARY,225XR0403X,225XR0403X=Occupational  Therapist  Driving  and  Community  Mobility
PROVIDER,PROVIDER_SPECIALTY_PRIMARY,226000000X,226000000X=Recreational  Therapist  Assistant  
PROVIDER,PROVIDER_SPECIALTY_PRIMARY,226300000X,226300000X=Kinesiotherapist  
PROVIDER,PROVIDER_SPECIALTY_PRIMARY,227800000X,"227800000X=Respiratory  Therapist,  Certified  "
PROVIDER,PROVIDER_SPECIALTY_PRIMARY,2278C0205X,"2278C0205X=Respiratory  Therapist,  Certified  Critical  Care"
PROVIDER,PROVIDER_SPECIALTY_PRIMARY,2278E0002X,"2278E0002X=Respiratory  Therapist,  Certified  Emergency  Care"
PROVIDER,PROVIDER_SPECIALTY_PRIMARY,2278E1000X,"2278E1000X=Respiratory  Therapist,  Certified  Educational"
PROVIDER,PROVIDER_SPECIALTY_PRIMARY,2278G0305X,"2278G0305X=Respiratory  Therapist,  Certified  Geriatric  Care"
PROVIDER,PROVIDER_SPECIALTY_PRIMARY,2278G1100X,"2278G1100X=Respiratory  Therapist,  Certified  General  Care"
PROVIDER,PROVIDER_SPECIALTY_PRIMARY,2278H0200X,"2278H0200X=Respiratory  Therapist,  Certified  Home  Health"
PROVIDER,PROVIDER_SPECIALTY_PRIMARY,2278P1004X,"2278P1004X=Respiratory  Therapist,  Certified  Pulmonary  Diagnostics"
PROVIDER,PROVIDER_SPECIALTY_PRIMARY,2278P1005X,"2278P1005X=Respiratory  Therapist,  Certified  Pulmonary  Rehabilitation"
PROVIDER,PROVIDER_SPECIALTY_PRIMARY,2278P1006X,"2278P1006X=Respiratory  Therapist,  Certified  Pulmonary  Function  Technologist"
PROVIDER,PROVIDER_SPECIALTY_PRIMARY,2278P3800X,"2278P3800X=Respiratory  Therapist,  Certified  Palliative/Hospice"
PROVIDER,PROVIDER_SPECIALTY_PRIMARY,2278P3900X,"2278P3900X=Respiratory  Therapist,  Certified  Neonatal/Pediatrics"
PROVIDER,PROVIDER_SPECIALTY_PRIMARY,2278P4000X,"2278P4000X=Respiratory  Therapist,  Certified  Patient  Transport"
PROVIDER,PROVIDER_SPECIALTY_PRIMARY,2278S1500X,"2278S1500X=Respiratory  Therapist,  Certified  SNF/Subacute  Care"
PROVIDER,PROVIDER_SPECIALTY_PRIMARY,227900000X,"227900000X=Respiratory  Therapist,  Registered  "
PROVIDER,PROVIDER_SPECIALTY_PRIMARY,2279C0205X,"2279C0205X=Respiratory  Therapist,  Registered  Critical  Care"
PROVIDER,PROVIDER_SPECIALTY_PRIMARY,2279E0002X,"2279E0002X=Respiratory  Therapist,  Registered  Emergency  Care"
PROVIDER,PROVIDER_SPECIALTY_PRIMARY,2279E1000X,"2279E1000X=Respiratory  Therapist,  Registered  Educational"
PROVIDER,PROVIDER_SPECIALTY_PRIMARY,2279G0305X,"2279G0305X=Respiratory  Therapist,  Registered  Geriatric  Care"
PROVIDER,PROVIDER_SPECIALTY_PRIMARY,2279G1100X,"2279G1100X=Respiratory  Therapist,  Registered  General  Care"
PROVIDER,PROVIDER_SPECIALTY_PRIMARY,2279H0200X,"2279H0200X=Respiratory  Therapist,  Registered  Home  Health"
PROVIDER,PROVIDER_SPECIALTY_PRIMARY,2279P1004X,"2279P1004X=Respiratory  Therapist,  Registered  Pulmonary  Diagnostics"
PROVIDER,PROVIDER_SPECIALTY_PRIMARY,2279P1005X,"2279P1005X=Respiratory  Therapist,  Registered  Pulmonary  Rehabilitation"
PROVIDER,PROVIDER_SPECIALTY_PRIMARY,2279P1006X,"2279P1006X=Respiratory  Therapist,  Registered  Pulmonary  Function  Technologist"
PROVIDER,PROVIDER_SPECIALTY_PRIMARY,2279P3800X,"2279P3800X=Respiratory  Therapist,  Registered  Palliative/Hospice"
PROVIDER,PROVIDER_SPECIALTY_PRIMARY,2279P3900X,"2279P3900X=Respiratory  Therapist,  Registered  Neonatal/Pediatrics"
PROVIDER,PROVIDER_SPECIALTY_PRIMARY,2279P4000X,"2279P4000X=Respiratory  Therapist,  Registered  Patient  Transport"
PROVIDER,PROVIDER_SPECIALTY_PRIMARY,2279S1500X,"2279S1500X=Respiratory  Therapist,  Registered  SNF/Subacute  Care"
PROVIDER,PROVIDER_SPECIALTY_PRIMARY,229N00000X,229N00000X=Anaplastologist  
PROVIDER,PROVIDER_SPECIALTY_PRIMARY,231H00000X,231H00000X=Audiologist  
PROVIDER,PROVIDER_SPECIALTY_PRIMARY,231HA2400X,231HA2400X=Audiologist  Assistive  Technology  Practitioner
PROVIDER,PROVIDER_SPECIALTY_PRIMARY,231HA2500X,231HA2500X=Audiologist  Assistive  Technology  Supplier
PROVIDER,PROVIDER_SPECIALTY_PRIMARY,235500000X,235500000X=Specialist/Technologist  
PROVIDER,PROVIDER_SPECIALTY_PRIMARY,2355A2700X,2355A2700X=Specialist/Technologist  Audiology  Assistant
PROVIDER,PROVIDER_SPECIALTY_PRIMARY,2355S0801X,2355S0801X=Specialist/Technologist  Speech-Language  Assistant
PROVIDER,PROVIDER_SPECIALTY_PRIMARY,235Z00000X,235Z00000X=Speech-Language  Pathologist  
PROVIDER,PROVIDER_SPECIALTY_PRIMARY,237600000X,237600000X=Audiologist-Hearing  Aid  Fitter  
PROVIDER,PROVIDER_SPECIALTY_PRIMARY,237700000X,237700000X=Hearing  Instrument  Specialist  
PROVIDER,PROVIDER_SPECIALTY_PRIMARY,242T00000X,242T00000X=Perfusionist  
PROVIDER,PROVIDER_SPECIALTY_PRIMARY,243U00000X,243U00000X=Radiology  Practitioner  Assistant  
PROVIDER,PROVIDER_SPECIALTY_PRIMARY,246Q00000X,"246Q00000X=Spec/Tech,  Pathology  "
PROVIDER,PROVIDER_SPECIALTY_PRIMARY,246QB0000X,"246QB0000X=Spec/Tech,  Pathology  Blood  Banking"
PROVIDER,PROVIDER_SPECIALTY_PRIMARY,246QC1000X,"246QC1000X=Spec/Tech,  Pathology  Chemistry"
PROVIDER,PROVIDER_SPECIALTY_PRIMARY,246QC2700X,"246QC2700X=Spec/Tech,  Pathology  Cytotechnology"
PROVIDER,PROVIDER_SPECIALTY_PRIMARY,246QH0000X,"246QH0000X=Spec/Tech,  Pathology  Hematology"
PROVIDER,PROVIDER_SPECIALTY_PRIMARY,246QH0401X,"246QH0401X=Spec/Tech,  Pathology  Hemapheresis  Practitioner"
PROVIDER,PROVIDER_SPECIALTY_PRIMARY,246QH0600X,"246QH0600X=Spec/Tech,  Pathology  Histology"
PROVIDER,PROVIDER_SPECIALTY_PRIMARY,246QI0000X,"246QI0000X=Spec/Tech,  Pathology  Immunology"
PROVIDER,PROVIDER_SPECIALTY_PRIMARY,246QL0900X,"246QL0900X=Spec/Tech,  Pathology  Laboratory  Management"
PROVIDER,PROVIDER_SPECIALTY_PRIMARY,246QL0901X,"246QL0901X=Spec/Tech,  Pathology  Laboratory  Management,  Diplomate"
PROVIDER,PROVIDER_SPECIALTY_PRIMARY,246QM0706X,"246QM0706X=Spec/Tech,  Pathology  Medical  Technologist"
PROVIDER,PROVIDER_SPECIALTY_PRIMARY,246QM0900X,"246QM0900X=Spec/Tech,  Pathology  Microbiology"
PROVIDER,PROVIDER_SPECIALTY_PRIMARY,246R00000X,"246R00000X=Technician,  Pathology  "
PROVIDER,PROVIDER_SPECIALTY_PRIMARY,246RH0600X,"246RH0600X=Technician,  Pathology  Histology"
PROVIDER,PROVIDER_SPECIALTY_PRIMARY,246RM2200X,"246RM2200X=Technician,  Pathology  Medical  Laboratory"
PROVIDER,PROVIDER_SPECIALTY_PRIMARY,246RP1900X,"246RP1900X=Technician,  Pathology  Phlebotomy"
PROVIDER,PROVIDER_SPECIALTY_PRIMARY,246W00000X,"246W00000X=Technician,  Cardiology  "
PROVIDER,PROVIDER_SPECIALTY_PRIMARY,246X00000X,"246X00000X=Spec/Tech,  Cardiovascular  "
PROVIDER,PROVIDER_SPECIALTY_PRIMARY,246XC2901X,"246XC2901X=Spec/Tech,  Cardiovascular  Cardiovascular  Invasive  Specialist"
PROVIDER,PROVIDER_SPECIALTY_PRIMARY,246XC2903X,"246XC2903X=Spec/Tech,  Cardiovascular  Vascular  Specialist"
PROVIDER,PROVIDER_SPECIALTY_PRIMARY,246XS1301X,"246XS1301X=Spec/Tech,  Cardiovascular  Sonography"
PROVIDER,PROVIDER_SPECIALTY_PRIMARY,246Y00000X,"246Y00000X=Spec/Tech,  Health  Info  "
PROVIDER,PROVIDER_SPECIALTY_PRIMARY,246YC3301X,"246YC3301X=Spec/Tech,  Health  Info  Coding  Specialist,  Hospital  Based"
PROVIDER,PROVIDER_SPECIALTY_PRIMARY,246YC3302X,"246YC3302X=Spec/Tech,  Health  Info  Coding  Specialist,  Physician  Office  Based"
PROVIDER,PROVIDER_SPECIALTY_PRIMARY,246YR1600X,"246YR1600X=Spec/Tech,  Health  Info  Registered  Record  Administrator"
PROVIDER,PROVIDER_SPECIALTY_PRIMARY,246Z00000X,"246Z00000X=Specialist/Technologist,  Other  "
PROVIDER,PROVIDER_SPECIALTY_PRIMARY,246ZA2600X,"246ZA2600X=Specialist/Technologist,  Other  Art,  Medical"
PROVIDER,PROVIDER_SPECIALTY_PRIMARY,246ZB0301X,"246ZB0301X=Specialist/Technologist,  Other  Biomedical  Engineering"
PROVIDER,PROVIDER_SPECIALTY_PRIMARY,246ZB0302X,"246ZB0302X=Specialist/Technologist,  Other  Biomedical  Photographer"
PROVIDER,PROVIDER_SPECIALTY_PRIMARY,246ZB0500X,"246ZB0500X=Specialist/Technologist,  Other  Biochemist"
PROVIDER,PROVIDER_SPECIALTY_PRIMARY,246ZB0600X,"246ZB0600X=Specialist/Technologist,  Other  Biostatistician"
PROVIDER,PROVIDER_SPECIALTY_PRIMARY,246ZC0007X,"246ZC0007X=Specialist/Technologist,  Other  Surgical  Assistant"
PROVIDER,PROVIDER_SPECIALTY_PRIMARY,246ZE0500X,"246ZE0500X=Specialist/Technologist,  Other  EEG"
PROVIDER,PROVIDER_SPECIALTY_PRIMARY,246ZE0600X,"246ZE0600X=Specialist/Technologist,  Other  Electroneurodiagnostic"
PROVIDER,PROVIDER_SPECIALTY_PRIMARY,246ZG0701X,"246ZG0701X=Specialist/Technologist,  Other  Graphics  Methods"
PROVIDER,PROVIDER_SPECIALTY_PRIMARY,246ZG1000X,"246ZG1000X=Specialist/Technologist,  Other  Geneticist,  Medical  (PhD)"
PROVIDER,PROVIDER_SPECIALTY_PRIMARY,246ZI1000X,"246ZI1000X=Specialist/Technologist,  Other  Illustration,  Medical"
PROVIDER,PROVIDER_SPECIALTY_PRIMARY,246ZN0300X,"246ZN0300X=Specialist/Technologist,  Other  Nephrology"
PROVIDER,PROVIDER_SPECIALTY_PRIMARY,246ZS0410X,"246ZS0410X=Specialist/Technologist,  Other  Surgical  Technologist"
PROVIDER,PROVIDER_SPECIALTY_PRIMARY,246ZX2200X,"246ZX2200X=Specialist/Technologist,  Other  Orthopedic  Assistant"
PROVIDER,PROVIDER_SPECIALTY_PRIMARY,247000000X,"247000000X=Technician,  Health  Information  "
PROVIDER,PROVIDER_SPECIALTY_PRIMARY,2470A2800X,"2470A2800X=Technician,  Health  Information  Assistant  Record  Technician"
PROVIDER,PROVIDER_SPECIALTY_PRIMARY,247100000X,247100000X=Radiologic  Technologist  
PROVIDER,PROVIDER_SPECIALTY_PRIMARY,2471B0102X,2471B0102X=Radiologic  Technologist  Bone  Densitometry
PROVIDER,PROVIDER_SPECIALTY_PRIMARY,2471C1101X,2471C1101X=Radiologic  Technologist  Cardiovascular-Interventional  Technology
PROVIDER,PROVIDER_SPECIALTY_PRIMARY,2471C1106X,2471C1106X=Radiologic  Technologist  Cardiac-Interventional  Technology
PROVIDER,PROVIDER_SPECIALTY_PRIMARY,2471C3401X,2471C3401X=Radiologic  Technologist  Computed  Tomography
PROVIDER,PROVIDER_SPECIALTY_PRIMARY,2471C3402X,2471C3402X=Radiologic  Technologist  Radiography
PROVIDER,PROVIDER_SPECIALTY_PRIMARY,2471M1202X,2471M1202X=Radiologic  Technologist  Magnetic  Resonance  Imaging
PROVIDER,PROVIDER_SPECIALTY_PRIMARY,2471M2300X,2471M2300X=Radiologic  Technologist  Mammography
PROVIDER,PROVIDER_SPECIALTY_PRIMARY,2471N0900X,2471N0900X=Radiologic  Technologist  Nuclear  Medicine  Technology
PROVIDER,PROVIDER_SPECIALTY_PRIMARY,2471Q0001X,2471Q0001X=Radiologic  Technologist  Quality  Management
PROVIDER,PROVIDER_SPECIALTY_PRIMARY,2471R0002X,2471R0002X=Radiologic  Technologist  Radiation  Therapy
PROVIDER,PROVIDER_SPECIALTY_PRIMARY,2471S1302X,2471S1302X=Radiologic  Technologist  Sonography
PROVIDER,PROVIDER_SPECIALTY_PRIMARY,2471V0105X,2471V0105X=Radiologic  Technologist  Vascular  Sonography
PROVIDER,PROVIDER_SPECIALTY_PRIMARY,2471V0106X,2471V0106X=Radiologic  Technologist  Vascular-Interventional  Technology
PROVIDER,PROVIDER_SPECIALTY_PRIMARY,247200000X,"247200000X=Technician,  Other  "
PROVIDER,PROVIDER_SPECIALTY_PRIMARY,2472B0301X,"2472B0301X=Technician,  Other  Biomedical  Engineering"
PROVIDER,PROVIDER_SPECIALTY_PRIMARY,2472D0500X,"2472D0500X=Technician,  Other  Darkroom"
PROVIDER,PROVIDER_SPECIALTY_PRIMARY,2472E0500X,"2472E0500X=Technician,  Other  EEG"
PROVIDER,PROVIDER_SPECIALTY_PRIMARY,2472R0900X,"2472R0900X=Technician,  Other  Renal  Dialysis"
PROVIDER,PROVIDER_SPECIALTY_PRIMARY,2472V0600X,"2472V0600X=Technician,  Other  Veterinary"
PROVIDER,PROVIDER_SPECIALTY_PRIMARY,247ZC0005X,"247ZC0005X=Pathology  Clinical  Laboratory  Director,  Non-physician"
PROVIDER,PROVIDER_SPECIALTY_PRIMARY,251300000X,251300000X=Local  Education  Agency  (LEA)  
PROVIDER,PROVIDER_SPECIALTY_PRIMARY,251B00000X,251B00000X=Case  Management  
PROVIDER,PROVIDER_SPECIALTY_PRIMARY,251C00000X,"251C00000X=Day  Training,  Developmentally  Disabled  Services  "
PROVIDER,PROVIDER_SPECIALTY_PRIMARY,251E00000X,251E00000X=Home  Health  
PROVIDER,PROVIDER_SPECIALTY_PRIMARY,251F00000X,251F00000X=Home  Infusion  
PROVIDER,PROVIDER_SPECIALTY_PRIMARY,251G00000X,"251G00000X=Hospice  Care,  Community  Based  "
PROVIDER,PROVIDER_SPECIALTY_PRIMARY,251J00000X,251J00000X=Nursing  Care  
PROVIDER,PROVIDER_SPECIALTY_PRIMARY,251K00000X,251K00000X=Public  Health  or  Welfare  
PROVIDER,PROVIDER_SPECIALTY_PRIMARY,251S00000X,251S00000X=Community/Behavioral  Health  
PROVIDER,PROVIDER_SPECIALTY_PRIMARY,251T00000X,251T00000X=PACE  Provider  Organization  
PROVIDER,PROVIDER_SPECIALTY_PRIMARY,251V00000X,251V00000X=Voluntary  or  Charitable  
PROVIDER,PROVIDER_SPECIALTY_PRIMARY,251X00000X,251X00000X=Supports  Brokerage  
PROVIDER,PROVIDER_SPECIALTY_PRIMARY,252Y00000X,252Y00000X=Early  Intervention  Provider  Agency  
PROVIDER,PROVIDER_SPECIALTY_PRIMARY,253J00000X,253J00000X=Foster  Care  Agency  
PROVIDER,PROVIDER_SPECIALTY_PRIMARY,253Z00000X,253Z00000X=In  Home  Supportive  Care  
PROVIDER,PROVIDER_SPECIALTY_PRIMARY,261Q00000X,261Q00000X=Clinic/Center  
PROVIDER,PROVIDER_SPECIALTY_PRIMARY,261QA0005X,261QA0005X=Clinic/Center  Ambulatory  Family  Planning  Facility
PROVIDER,PROVIDER_SPECIALTY_PRIMARY,261QA0006X,261QA0006X=Clinic/Center  Ambulatory  Fertility  Facility
PROVIDER,PROVIDER_SPECIALTY_PRIMARY,261QA0600X,261QA0600X=Clinic/Center  Adult  Day  Care
PROVIDER,PROVIDER_SPECIALTY_PRIMARY,261QA0900X,261QA0900X=Clinic/Center  Amputee
PROVIDER,PROVIDER_SPECIALTY_PRIMARY,261QA1903X,261QA1903X=Clinic/Center  Ambulatory  Surgical
PROVIDER,PROVIDER_SPECIALTY_PRIMARY,261QA3000X,261QA3000X=Clinic/Center  Augmentative  Communication
PROVIDER,PROVIDER_SPECIALTY_PRIMARY,261QB0400X,261QB0400X=Clinic/Center  Birthing
PROVIDER,PROVIDER_SPECIALTY_PRIMARY,261QC0050X,261QC0050X=Clinic/Center  Critical  Access  Hospital
PROVIDER,PROVIDER_SPECIALTY_PRIMARY,261QC1500X,261QC1500X=Clinic/Center  Community  Health
PROVIDER,PROVIDER_SPECIALTY_PRIMARY,261QC1800X,261QC1800X=Clinic/Center  Corporate  Health
PROVIDER,PROVIDER_SPECIALTY_PRIMARY,261QD0000X,261QD0000X=Clinic/Center  Dental
PROVIDER,PROVIDER_SPECIALTY_PRIMARY,261QD1600X,261QD1600X=Clinic/Center  Developmental  Disabilities
PROVIDER,PROVIDER_SPECIALTY_PRIMARY,261QE0002X,261QE0002X=Clinic/Center  Emergency  Care
PROVIDER,PROVIDER_SPECIALTY_PRIMARY,261QE0700X,261QE0700X=Clinic/Center  End-Stage  Renal  Disease  (ESRD)  Treatment
PROVIDER,PROVIDER_SPECIALTY_PRIMARY,261QE0800X,261QE0800X=Clinic/Center  Endoscopy
PROVIDER,PROVIDER_SPECIALTY_PRIMARY,261QF0050X,"261QF0050X=Clinic/Center  Family  Planning,  Non-Surgical"
PROVIDER,PROVIDER_SPECIALTY_PRIMARY,261QF0400X,261QF0400X=Clinic/Center  Federally  Qualified  Health  Center  (FQHC)
PROVIDER,PROVIDER_SPECIALTY_PRIMARY,261QG0250X,261QG0250X=Clinic/Center  Genetics
PROVIDER,PROVIDER_SPECIALTY_PRIMARY,261QH0100X,261QH0100X=Clinic/Center  Health  Service
PROVIDER,PROVIDER_SPECIALTY_PRIMARY,261QH0700X,261QH0700X=Clinic/Center  Hearing  and  Speech
PROVIDER,PROVIDER_SPECIALTY_PRIMARY,261QI0500X,261QI0500X=Clinic/Center  Infusion  Therapy
PROVIDER,PROVIDER_SPECIALTY_PRIMARY,261QL0400X,261QL0400X=Clinic/Center  Lithotripsy
PROVIDER,PROVIDER_SPECIALTY_PRIMARY,261QM0801X,261QM0801X=Clinic/Center  Mental  Health  (Including  Community  Mental  Health  Center)
PROVIDER,PROVIDER_SPECIALTY_PRIMARY,261QM0850X,261QM0850X=Clinic/Center  Adult  Mental  Health
PROVIDER,PROVIDER_SPECIALTY_PRIMARY,261QM0855X,261QM0855X=Clinic/Center  Adolescent  and  Children  Mental  Health
PROVIDER,PROVIDER_SPECIALTY_PRIMARY,261QM1000X,261QM1000X=Clinic/Center  Migrant  Health
PROVIDER,PROVIDER_SPECIALTY_PRIMARY,261QM1100X,261QM1100X=Clinic/Center  Military/U.S.  Coast  Guard  Outpatient
PROVIDER,PROVIDER_SPECIALTY_PRIMARY,261QM1101X,261QM1101X=Clinic/Center  Military  and  U.S.  Coast  Guard  Ambulatory  Procedure
PROVIDER,PROVIDER_SPECIALTY_PRIMARY,261QM1102X,261QM1102X=Clinic/Center  Military  Outpatient  Operational  (Transportable)  Component
PROVIDER,PROVIDER_SPECIALTY_PRIMARY,261QM1103X,261QM1103X=Clinic/Center  Military  Ambulatory  Procedure  Visits  Operational  (Transportable)
PROVIDER,PROVIDER_SPECIALTY_PRIMARY,261QM1200X,261QM1200X=Clinic/Center  Magnetic  Resonance  Imaging  (MRI)
PROVIDER,PROVIDER_SPECIALTY_PRIMARY,261QM1300X,261QM1300X=Clinic/Center  Multi-Specialty
PROVIDER,PROVIDER_SPECIALTY_PRIMARY,261QM2500X,261QM2500X=Clinic/Center  Medical  Specialty
PROVIDER,PROVIDER_SPECIALTY_PRIMARY,261QM2800X,261QM2800X=Clinic/Center  Methadone  Clinic
PROVIDER,PROVIDER_SPECIALTY_PRIMARY,261QM3000X,261QM3000X=Clinic/Center  Medically  Fragile  Intants  and  Children  Day  Care
PROVIDER,PROVIDER_SPECIALTY_PRIMARY,261QP0904X,"261QP0904X=Clinic/Center  Public  Health,  Federal"
PROVIDER,PROVIDER_SPECIALTY_PRIMARY,261QP0905X,"261QP0905X=Clinic/Center  Public  Health,  State  or  Local"
PROVIDER,PROVIDER_SPECIALTY_PRIMARY,261QP1100X,261QP1100X=Clinic/Center  Podiatric
PROVIDER,PROVIDER_SPECIALTY_PRIMARY,261QP2000X,261QP2000X=Clinic/Center  Physical  Therapy
PROVIDER,PROVIDER_SPECIALTY_PRIMARY,261QP2300X,261QP2300X=Clinic/Center  Primary  Care
PROVIDER,PROVIDER_SPECIALTY_PRIMARY,261QP2400X,261QP2400X=Clinic/Center  Prison  Health
PROVIDER,PROVIDER_SPECIALTY_PRIMARY,261QP3300X,261QP3300X=Clinic/Center  Pain
PROVIDER,PROVIDER_SPECIALTY_PRIMARY,261QR0200X,261QR0200X=Clinic/Center  Radiology
PROVIDER,PROVIDER_SPECIALTY_PRIMARY,261QR0206X,"261QR0206X=Clinic/Center  Radiology,  Mammography"
PROVIDER,PROVIDER_SPECIALTY_PRIMARY,261QR0207X,"261QR0207X=Clinic/Center  Radiology,  Mobile  Mammography"
PROVIDER,PROVIDER_SPECIALTY_PRIMARY,261QR0208X,"261QR0208X=Clinic/Center  Radiology,  Mobile"
PROVIDER,PROVIDER_SPECIALTY_PRIMARY,261QR0400X,261QR0400X=Clinic/Center  Rehabilitation
PROVIDER,PROVIDER_SPECIALTY_PRIMARY,261QR0401X,"261QR0401X=Clinic/Center  Rehabilitation,  Comprehensive  Outpatient  Rehabilitation  Facility  (CORF)"
PROVIDER,PROVIDER_SPECIALTY_PRIMARY,261QR0404X,"261QR0404X=Clinic/Center  Rehabilitation,  Cardiac  Facilities"
PROVIDER,PROVIDER_SPECIALTY_PRIMARY,261QR0405X,"261QR0405X=Clinic/Center  Rehabilitation,  Substance  Use  Disorder"
PROVIDER,PROVIDER_SPECIALTY_PRIMARY,261QR0800X,261QR0800X=Clinic/Center  Recovery  Care
PROVIDER,PROVIDER_SPECIALTY_PRIMARY,261QR1100X,261QR1100X=Clinic/Center  Research
PROVIDER,PROVIDER_SPECIALTY_PRIMARY,261QR1300X,261QR1300X=Clinic/Center  Rural  Health
PROVIDER,PROVIDER_SPECIALTY_PRIMARY,261QS0112X,261QS0112X=Clinic/Center  Oral  and  Maxillofacial  Surgery
PROVIDER,PROVIDER_SPECIALTY_PRIMARY,261QS0132X,261QS0132X=Clinic/Center  Ophthalmologic  Surgery
PROVIDER,PROVIDER_SPECIALTY_PRIMARY,261QS1000X,261QS1000X=Clinic/Center  Student  Health
PROVIDER,PROVIDER_SPECIALTY_PRIMARY,261QS1200X,261QS1200X=Clinic/Center  Sleep  Disorder  Diagnostic
PROVIDER,PROVIDER_SPECIALTY_PRIMARY,261QU0200X,261QU0200X=Clinic/Center  Urgent  Care
PROVIDER,PROVIDER_SPECIALTY_PRIMARY,261QV0200X,261QV0200X=Clinic/Center  VA
PROVIDER,PROVIDER_SPECIALTY_PRIMARY,261QX0100X,261QX0100X=Clinic/Center  Occupational  Medicine
PROVIDER,PROVIDER_SPECIALTY_PRIMARY,261QX0200X,261QX0200X=Clinic/Center  Oncology
PROVIDER,PROVIDER_SPECIALTY_PRIMARY,261QX0203X,"261QX0203X=Clinic/Center  Oncology,  Radiation"
PROVIDER,PROVIDER_SPECIALTY_PRIMARY,273100000X,273100000X=Epilepsy  Unit  
PROVIDER,PROVIDER_SPECIALTY_PRIMARY,273R00000X,273R00000X=Psychiatric  Unit  
PROVIDER,PROVIDER_SPECIALTY_PRIMARY,273Y00000X,273Y00000X=Rehabilitation  Unit  
PROVIDER,PROVIDER_SPECIALTY_PRIMARY,275N00000X,275N00000X=Medicare  Defined  Swing  Bed  Unit  
PROVIDER,PROVIDER_SPECIALTY_PRIMARY,276400000X,"276400000X=Rehabilitation,  Substance  Use  Disorder  Unit  "
PROVIDER,PROVIDER_SPECIALTY_PRIMARY,281P00000X,281P00000X=Chronic  Disease  Hospital  
PROVIDER,PROVIDER_SPECIALTY_PRIMARY,281PC2000X,281PC2000X=Chronic  Disease  Hospital  Children
PROVIDER,PROVIDER_SPECIALTY_PRIMARY,282E00000X,282E00000X=Long  Term  Care  Hospital  
PROVIDER,PROVIDER_SPECIALTY_PRIMARY,282J00000X,282J00000X=Religious  Nonmedical  Health  Care  Institution  
PROVIDER,PROVIDER_SPECIALTY_PRIMARY,282N00000X,282N00000X=General  Acute  Care  Hospital  
PROVIDER,PROVIDER_SPECIALTY_PRIMARY,282NC0060X,282NC0060X=General  Acute  Care  Hospital  Critical  Access
PROVIDER,PROVIDER_SPECIALTY_PRIMARY,282NC2000X,282NC2000X=General  Acute  Care  Hospital  Children
PROVIDER,PROVIDER_SPECIALTY_PRIMARY,282NR1301X,282NR1301X=General  Acute  Care  Hospital  Rural
PROVIDER,PROVIDER_SPECIALTY_PRIMARY,282NW0100X,282NW0100X=General  Acute  Care  Hospital  Women
PROVIDER,PROVIDER_SPECIALTY_PRIMARY,283Q00000X,283Q00000X=Psychiatric  Hospital  
PROVIDER,PROVIDER_SPECIALTY_PRIMARY,283X00000X,283X00000X=Rehabilitation  Hospital  
PROVIDER,PROVIDER_SPECIALTY_PRIMARY,283XC2000X,283XC2000X=Rehabilitation  Hospital  Children
PROVIDER,PROVIDER_SPECIALTY_PRIMARY,284300000X,284300000X=Special  Hospital  
PROVIDER,PROVIDER_SPECIALTY_PRIMARY,286500000X,286500000X=Military  Hospital  
PROVIDER,PROVIDER_SPECIALTY_PRIMARY,2865C1500X,2865C1500X=Military  Hospital  Community  Health
PROVIDER,PROVIDER_SPECIALTY_PRIMARY,2865M2000X,2865M2000X=Military  Hospital  Military  General  Acute  Care  Hospital
PROVIDER,PROVIDER_SPECIALTY_PRIMARY,2865X1600X,2865X1600X=Military  Hospital  Military  General  Acute  Care  Hospital.  Operational  (Transportable)
PROVIDER,PROVIDER_SPECIALTY_PRIMARY,287300000X,287300000X=Christian  Science  Sanitorium  
PROVIDER,PROVIDER_SPECIALTY_PRIMARY,291900000X,291900000X=Military  Clinical  Medical  Laboratory  
PROVIDER,PROVIDER_SPECIALTY_PRIMARY,291U00000X,291U00000X=Clinical  Medical  Laboratory  
PROVIDER,PROVIDER_SPECIALTY_PRIMARY,292200000X,292200000X=Dental  Laboratory  
PROVIDER,PROVIDER_SPECIALTY_PRIMARY,293D00000X,293D00000X=Physiological  Laboratory  
PROVIDER,PROVIDER_SPECIALTY_PRIMARY,302F00000X,302F00000X=Exclusive  Provider  Organization  
PROVIDER,PROVIDER_SPECIALTY_PRIMARY,302R00000X,302R00000X=Health  Maintenance  Organization  
PROVIDER,PROVIDER_SPECIALTY_PRIMARY,305R00000X,305R00000X=Preferred  Provider  Organization  
PROVIDER,PROVIDER_SPECIALTY_PRIMARY,305S00000X,305S00000X=Point  of  Service  
PROVIDER,PROVIDER_SPECIALTY_PRIMARY,310400000X,310400000X=Assisted  Living  Facility  
PROVIDER,PROVIDER_SPECIALTY_PRIMARY,3104A0625X,"3104A0625X=Assisted  Living  Facility  Assisted  Living,  Mental  Illness"
PROVIDER,PROVIDER_SPECIALTY_PRIMARY,3104A0630X,"3104A0630X=Assisted  Living  Facility  Assisted  Living,  Behavioral  Disturbances"
PROVIDER,PROVIDER_SPECIALTY_PRIMARY,310500000X,"310500000X=Intermediate  Care  Facility,  Mental  Illness  "
PROVIDER,PROVIDER_SPECIALTY_PRIMARY,311500000X,311500000X=Alzheimer  Center  (Dementia  Center)  
PROVIDER,PROVIDER_SPECIALTY_PRIMARY,311Z00000X,311Z00000X=Custodial  Care  Facility  
PROVIDER,PROVIDER_SPECIALTY_PRIMARY,311ZA0620X,311ZA0620X=Custodial  Care  Facility  Adult  Care  Home
PROVIDER,PROVIDER_SPECIALTY_PRIMARY,313M00000X,313M00000X=Nursing  Facility/Intermediate  Care  Facility  
PROVIDER,PROVIDER_SPECIALTY_PRIMARY,314000000X,314000000X=Skilled  Nursing  Facility  
PROVIDER,PROVIDER_SPECIALTY_PRIMARY,3140N1450X,"3140N1450X=Skilled  Nursing  Facility  Nursing  Care,  Pediatric"
PROVIDER,PROVIDER_SPECIALTY_PRIMARY,315D00000X,"315D00000X=Hospice,  Inpatient  "
PROVIDER,PROVIDER_SPECIALTY_PRIMARY,315P00000X,"315P00000X=Intermediate  Care  Facility,  Mentally  Retarded  "
PROVIDER,PROVIDER_SPECIALTY_PRIMARY,317400000X,317400000X=Christian  Science  Facility  
PROVIDER,PROVIDER_SPECIALTY_PRIMARY,320600000X,"320600000X=Residential  Treatment  Facility,  Mental  Retardation  and/or  Developmental  Disabilities  "
PROVIDER,PROVIDER_SPECIALTY_PRIMARY,320700000X,"320700000X=Residential  Treatment  Facility,  Physical  Disabilities  "
PROVIDER,PROVIDER_SPECIALTY_PRIMARY,320800000X,"320800000X=Community  Based  Residential  Treatment  Facility,  Mental  Illness  "
PROVIDER,PROVIDER_SPECIALTY_PRIMARY,320900000X,"320900000X=Community  Based  Residential  Treatment,  Mental  Retardation  and/or  Developmental  Disabilities  "
PROVIDER,PROVIDER_SPECIALTY_PRIMARY,322D00000X,"322D00000X=Residential  Treatment  Facility,  Emotionally  Disturbed  Children  "
PROVIDER,PROVIDER_SPECIALTY_PRIMARY,323P00000X,323P00000X=Psychiatric  Residential  Treatment  Facility  
PROVIDER,PROVIDER_SPECIALTY_PRIMARY,324500000X,324500000X=Substance  Abuse  Rehabilitation  Facility  
PROVIDER,PROVIDER_SPECIALTY_PRIMARY,3245S0500X,"3245S0500X=Substance  Abuse  Rehabilitation  Facility  Substance  Abuse  Treatment,  Children"
PROVIDER,PROVIDER_SPECIALTY_PRIMARY,331L00000X,331L00000X=Blood  Bank  
PROVIDER,PROVIDER_SPECIALTY_PRIMARY,332000000X,332000000X=Military/U.S.  Coast  Guard  Pharmacy  
PROVIDER,PROVIDER_SPECIALTY_PRIMARY,332100000X,332100000X=Department  of  Veterans  Affairs  (VA)  Pharmacy  
PROVIDER,PROVIDER_SPECIALTY_PRIMARY,332800000X,332800000X=Indian  Health  Service/Tribal/Urban  Indian  Health  (I/T/U)  Pharmacy  
PROVIDER,PROVIDER_SPECIALTY_PRIMARY,332900000X,332900000X=Non-Pharmacy  Dispensing  Site  
PROVIDER,PROVIDER_SPECIALTY_PRIMARY,332B00000X,332B00000X=Durable  Medical  Equipment  &  Medical  Supplies  
PROVIDER,PROVIDER_SPECIALTY_PRIMARY,332BC3200X,332BC3200X=Durable  Medical  Equipment  &  Medical  Supplies  Customized  Equipment
PROVIDER,PROVIDER_SPECIALTY_PRIMARY,332BD1200X,332BD1200X=Durable  Medical  Equipment  &  Medical  Supplies  Dialysis  Equipment  &  Supplies
PROVIDER,PROVIDER_SPECIALTY_PRIMARY,332BN1400X,332BN1400X=Durable  Medical  Equipment  &  Medical  Supplies  Nursing  Facility  Supplies
PROVIDER,PROVIDER_SPECIALTY_PRIMARY,332BP3500X,332BP3500X=Durable  Medical  Equipment  &  Medical  Supplies  Parenteral  &  Enteral  Nutrition
PROVIDER,PROVIDER_SPECIALTY_PRIMARY,332BX2000X,332BX2000X=Durable  Medical  Equipment  &  Medical  Supplies  Oxygen  Equipment  &  Supplies
PROVIDER,PROVIDER_SPECIALTY_PRIMARY,332G00000X,332G00000X=Eye  Bank  
PROVIDER,PROVIDER_SPECIALTY_PRIMARY,332H00000X,"332H00000X=Eyewear  Supplier  (Equipment,  not  the  service)  "
PROVIDER,PROVIDER_SPECIALTY_PRIMARY,332S00000X,332S00000X=Hearing    Aid  Equipment  
PROVIDER,PROVIDER_SPECIALTY_PRIMARY,332U00000X,332U00000X=Home  Delivered  Meals  
PROVIDER,PROVIDER_SPECIALTY_PRIMARY,333300000X,333300000X=Emergency  Response  System  Companies  
PROVIDER,PROVIDER_SPECIALTY_PRIMARY,333600000X,333600000X=Pharmacy  
PROVIDER,PROVIDER_SPECIALTY_PRIMARY,3336C0002X,3336C0002X=Pharmacy  Clinic  Pharmacy
PROVIDER,PROVIDER_SPECIALTY_PRIMARY,3336C0003X,3336C0003X=Pharmacy  Community/Retail  Pharmacy
PROVIDER,PROVIDER_SPECIALTY_PRIMARY,3336C0004X,3336C0004X=Pharmacy  Compounding  Pharmacy
PROVIDER,PROVIDER_SPECIALTY_PRIMARY,3336H0001X,3336H0001X=Pharmacy  Home  Infusion  Therapy  Pharmacy
PROVIDER,PROVIDER_SPECIALTY_PRIMARY,3336I0012X,3336I0012X=Pharmacy  Institutional  Pharmacy
PROVIDER,PROVIDER_SPECIALTY_PRIMARY,3336L0003X,3336L0003X=Pharmacy  Long  Term  Care  Pharmacy
PROVIDER,PROVIDER_SPECIALTY_PRIMARY,3336M0002X,3336M0002X=Pharmacy  Mail  Order  Pharmacy
PROVIDER,PROVIDER_SPECIALTY_PRIMARY,3336M0003X,3336M0003X=Pharmacy  Managed  Care  Organization  Pharmacy
PROVIDER,PROVIDER_SPECIALTY_PRIMARY,3336N0007X,3336N0007X=Pharmacy  Nuclear  Pharmacy
PROVIDER,PROVIDER_SPECIALTY_PRIMARY,3336S0011X,3336S0011X=Pharmacy  Specialty  Pharmacy
PROVIDER,PROVIDER_SPECIALTY_PRIMARY,335E00000X,335E00000X=Prosthetic/Orthotic  Supplier  
PROVIDER,PROVIDER_SPECIALTY_PRIMARY,335G00000X,335G00000X=Medical  Foods  Supplier  
PROVIDER,PROVIDER_SPECIALTY_PRIMARY,335U00000X,335U00000X=Organ  Procurement  Organization  
PROVIDER,PROVIDER_SPECIALTY_PRIMARY,335V00000X,335V00000X=Portable  X-ray  and/or  Other  Portable  Diagnostic  Imaging  Supplier  
PROVIDER,PROVIDER_SPECIALTY_PRIMARY,341600000X,341600000X=Ambulance  
PROVIDER,PROVIDER_SPECIALTY_PRIMARY,3416A0800X,3416A0800X=Ambulance  Air  Transport
PROVIDER,PROVIDER_SPECIALTY_PRIMARY,3416L0300X,3416L0300X=Ambulance  Land  Transport
PROVIDER,PROVIDER_SPECIALTY_PRIMARY,3416S0300X,3416S0300X=Ambulance  Water  Transport
PROVIDER,PROVIDER_SPECIALTY_PRIMARY,341800000X,341800000X=Military/U.S.  Coast  Guard  Transport  
PROVIDER,PROVIDER_SPECIALTY_PRIMARY,3418M1110X,"3418M1110X=Military/U.S.  Coast  Guard  Transport  Military  or  U.S.  Coast  Guard  Ambulance,  Ground  Transport"
PROVIDER,PROVIDER_SPECIALTY_PRIMARY,3418M1120X,"3418M1120X=Military/U.S.  Coast  Guard  Transport  Military  or  U.S.  Coast  Guard  Ambulance,  Air  Transport"
PROVIDER,PROVIDER_SPECIALTY_PRIMARY,3418M1130X,"3418M1130X=Military/U.S.  Coast  Guard  Transport  Military  or  U.S.  Coast  Guard  Ambulance,  Water  Transport"
PROVIDER,PROVIDER_SPECIALTY_PRIMARY,342000000X,342000000X=Transportation Network Company
PROVIDER,PROVIDER_SPECIALTY_PRIMARY,343800000X,343800000X=Secured  Medical  Transport  (VAN)  
PROVIDER,PROVIDER_SPECIALTY_PRIMARY,343900000X,343900000X=Non-emergency  Medical  Transport  (VAN)  
PROVIDER,PROVIDER_SPECIALTY_PRIMARY,344600000X,344600000X=Taxi  
PROVIDER,PROVIDER_SPECIALTY_PRIMARY,344800000X,344800000X=Air  Carrier  
PROVIDER,PROVIDER_SPECIALTY_PRIMARY,347B00000X,347B00000X=Bus  
PROVIDER,PROVIDER_SPECIALTY_PRIMARY,347C00000X,347C00000X=Private  Vehicle  
PROVIDER,PROVIDER_SPECIALTY_PRIMARY,347D00000X,347D00000X=Train  
PROVIDER,PROVIDER_SPECIALTY_PRIMARY,347E00000X,347E00000X=Transportation  Broker  
PROVIDER,PROVIDER_SPECIALTY_PRIMARY,363A00000X,363A00000X=Physician  Assistant  
PROVIDER,PROVIDER_SPECIALTY_PRIMARY,363AM0700X,363AM0700X=Physician  Assistant  Medical
PROVIDER,PROVIDER_SPECIALTY_PRIMARY,363AS0400X,363AS0400X=Physician  Assistant  Surgical  Technologist
PROVIDER,PROVIDER_SPECIALTY_PRIMARY,363L00000X,363L00000X=Nurse  Practitioner  
PROVIDER,PROVIDER_SPECIALTY_PRIMARY,363LA2100X,363LA2100X=Nurse  Practitioner  Acute  Care
PROVIDER,PROVIDER_SPECIALTY_PRIMARY,363LA2200X,363LA2200X=Nurse  Practitioner  Adult  Health
PROVIDER,PROVIDER_SPECIALTY_PRIMARY,363LC0200X,363LC0200X=Nurse  Practitioner  Critical  Care  Medicine
PROVIDER,PROVIDER_SPECIALTY_PRIMARY,363LC1500X,363LC1500X=Nurse  Practitioner  Community  Health
PROVIDER,PROVIDER_SPECIALTY_PRIMARY,363LF0000X,363LF0000X=Nurse  Practitioner  Family
PROVIDER,PROVIDER_SPECIALTY_PRIMARY,363LG0600X,363LG0600X=Nurse  Practitioner  Gerontology
PROVIDER,PROVIDER_SPECIALTY_PRIMARY,363LN0000X,363LN0000X=Nurse  Practitioner  Neonatal
PROVIDER,PROVIDER_SPECIALTY_PRIMARY,363LN0005X,"363LN0005X=Nurse  Practitioner  Neonatal,  Critical  Care"
PROVIDER,PROVIDER_SPECIALTY_PRIMARY,363LP0200X,363LP0200X=Nurse  Practitioner  Pediatrics
PROVIDER,PROVIDER_SPECIALTY_PRIMARY,363LP0222X,"363LP0222X=Nurse  Practitioner  Pediatrics,  Critical  Care"
PROVIDER,PROVIDER_SPECIALTY_PRIMARY,363LP0808X,363LP0808X=Nurse  Practitioner  Psych/Mental  Health
PROVIDER,PROVIDER_SPECIALTY_PRIMARY,363LP1700X,363LP1700X=Nurse  Practitioner  Perinatal
PROVIDER,PROVIDER_SPECIALTY_PRIMARY,363LP2300X,363LP2300X=Nurse  Practitioner  Primary  Care
PROVIDER,PROVIDER_SPECIALTY_PRIMARY,363LS0200X,363LS0200X=Nurse  Practitioner  School
PROVIDER,PROVIDER_SPECIALTY_PRIMARY,363LW0102X,363LW0102X=Nurse  Practitioner  Women's  Health
PROVIDER,PROVIDER_SPECIALTY_PRIMARY,363LX0001X,363LX0001X=Nurse  Practitioner  Obstetrics  &  Gynecology
PROVIDER,PROVIDER_SPECIALTY_PRIMARY,363LX0106X,363LX0106X=Nurse  Practitioner  Occupational  Health
PROVIDER,PROVIDER_SPECIALTY_PRIMARY,364S00000X,364S00000X=Clinical  Nurse  Specialist  
PROVIDER,PROVIDER_SPECIALTY_PRIMARY,364SA2100X,364SA2100X=Clinical  Nurse  Specialist  Acute  Care
PROVIDER,PROVIDER_SPECIALTY_PRIMARY,364SA2200X,364SA2200X=Clinical  Nurse  Specialist  Adult  Health
PROVIDER,PROVIDER_SPECIALTY_PRIMARY,364SC0200X,364SC0200X=Clinical  Nurse  Specialist  Critical  Care  Medicine
PROVIDER,PROVIDER_SPECIALTY_PRIMARY,364SC1501X,364SC1501X=Clinical  Nurse  Specialist  Community  Health/Public  Health
PROVIDER,PROVIDER_SPECIALTY_PRIMARY,364SC2300X,364SC2300X=Clinical  Nurse  Specialist  Chronic  Care
PROVIDER,PROVIDER_SPECIALTY_PRIMARY,364SE0003X,364SE0003X=Clinical  Nurse  Specialist  Emergency
PROVIDER,PROVIDER_SPECIALTY_PRIMARY,364SE1400X,364SE1400X=Clinical  Nurse  Specialist  Ethics
PROVIDER,PROVIDER_SPECIALTY_PRIMARY,364SF0001X,364SF0001X=Clinical  Nurse  Specialist  Family  Health
PROVIDER,PROVIDER_SPECIALTY_PRIMARY,364SG0600X,364SG0600X=Clinical  Nurse  Specialist  Gerontology
PROVIDER,PROVIDER_SPECIALTY_PRIMARY,364SH0200X,364SH0200X=Clinical  Nurse  Specialist  Home  Health
PROVIDER,PROVIDER_SPECIALTY_PRIMARY,364SH1100X,364SH1100X=Clinical  Nurse  Specialist  Holistic
PROVIDER,PROVIDER_SPECIALTY_PRIMARY,364SI0800X,364SI0800X=Clinical  Nurse  Specialist  Informatics
PROVIDER,PROVIDER_SPECIALTY_PRIMARY,364SL0600X,364SL0600X=Clinical  Nurse  Specialist  Long-Term  Care
PROVIDER,PROVIDER_SPECIALTY_PRIMARY,364SM0705X,364SM0705X=Clinical  Nurse  Specialist  Medical-Surgical
PROVIDER,PROVIDER_SPECIALTY_PRIMARY,364SN0000X,364SN0000X=Clinical  Nurse  Specialist  Neonatal
PROVIDER,PROVIDER_SPECIALTY_PRIMARY,364SN0800X,364SN0800X=Clinical  Nurse  Specialist  Neuroscience
PROVIDER,PROVIDER_SPECIALTY_PRIMARY,364SP0200X,364SP0200X=Clinical  Nurse  Specialist  Pediatrics
PROVIDER,PROVIDER_SPECIALTY_PRIMARY,364SP0807X,"364SP0807X=Clinical  Nurse  Specialist  Psych/Mental  Health,  Child  &  Adolescent"
PROVIDER,PROVIDER_SPECIALTY_PRIMARY,364SP0808X,364SP0808X=Clinical  Nurse  Specialist  Psych/Mental  Health
PROVIDER,PROVIDER_SPECIALTY_PRIMARY,364SP0809X,"364SP0809X=Clinical  Nurse  Specialist  Psych/Mental  Health,  Adult"
PROVIDER,PROVIDER_SPECIALTY_PRIMARY,364SP0810X,"364SP0810X=Clinical  Nurse  Specialist  Psych/Mental  Health,  Child  &  Family"
PROVIDER,PROVIDER_SPECIALTY_PRIMARY,364SP0811X,"364SP0811X=Clinical  Nurse  Specialist  Psych/Mental  Health,  Chronically  Ill"
PROVIDER,PROVIDER_SPECIALTY_PRIMARY,364SP0812X,"364SP0812X=Clinical  Nurse  Specialist  Psych/Mental  Health,  Community"
PROVIDER,PROVIDER_SPECIALTY_PRIMARY,364SP0813X,"364SP0813X=Clinical  Nurse  Specialist  Psych/Mental  Health,  Geropsychiatric"
PROVIDER,PROVIDER_SPECIALTY_PRIMARY,364SP1700X,364SP1700X=Clinical  Nurse  Specialist  Perinatal
PROVIDER,PROVIDER_SPECIALTY_PRIMARY,364SP2800X,364SP2800X=Clinical  Nurse  Specialist  Perioperative
PROVIDER,PROVIDER_SPECIALTY_PRIMARY,364SR0400X,364SR0400X=Clinical  Nurse  Specialist  Rehabilitation
PROVIDER,PROVIDER_SPECIALTY_PRIMARY,364SS0200X,364SS0200X=Clinical  Nurse  Specialist  School
PROVIDER,PROVIDER_SPECIALTY_PRIMARY,364ST0500X,364ST0500X=Clinical  Nurse  Specialist  Transplantation
PROVIDER,PROVIDER_SPECIALTY_PRIMARY,364SW0102X,364SW0102X=Clinical  Nurse  Specialist  Women's  Health
PROVIDER,PROVIDER_SPECIALTY_PRIMARY,364SX0106X,364SX0106X=Clinical  Nurse  Specialist  Occupational  Health
PROVIDER,PROVIDER_SPECIALTY_PRIMARY,364SX0200X,364SX0200X=Clinical  Nurse  Specialist  Oncology
PROVIDER,PROVIDER_SPECIALTY_PRIMARY,364SX0204X,"364SX0204X=Clinical  Nurse  Specialist  Oncology,  Pediatrics"
PROVIDER,PROVIDER_SPECIALTY_PRIMARY,367500000X,"367500000X=Nurse  Anesthetist,  Certified  Registered  "
PROVIDER,PROVIDER_SPECIALTY_PRIMARY,367A00000X,367A00000X=Advanced  Practice  Midwife  
PROVIDER,PROVIDER_SPECIALTY_PRIMARY,367H00000X,367H00000X=Anesthesiologist  Assistant  
PROVIDER,PROVIDER_SPECIALTY_PRIMARY,372500000X,372500000X=Chore  Provider  
PROVIDER,PROVIDER_SPECIALTY_PRIMARY,372600000X,372600000X=Adult  Companion  
PROVIDER,PROVIDER_SPECIALTY_PRIMARY,373H00000X,373H00000X=Day  Training/Habilitation  Specialist  
PROVIDER,PROVIDER_SPECIALTY_PRIMARY,374700000X,374700000X=Technician  
PROVIDER,PROVIDER_SPECIALTY_PRIMARY,3747A0650X,3747A0650X=Technician  Attendant  Care  Provider
PROVIDER,PROVIDER_SPECIALTY_PRIMARY,3747P1801X,3747P1801X=Technician  Personal  Care  Attendant
PROVIDER,PROVIDER_SPECIALTY_PRIMARY,374J00000X,374J00000X=Doula  
PROVIDER,PROVIDER_SPECIALTY_PRIMARY,374K00000X,374K00000X=Religious  Nonmedical  Practitioner  
PROVIDER,PROVIDER_SPECIALTY_PRIMARY,374T00000X,374T00000X=Religious  Nonmedical  Nursing  Personnel  
PROVIDER,PROVIDER_SPECIALTY_PRIMARY,374U00000X,374U00000X=Home  Health  Aide  
PROVIDER,PROVIDER_SPECIALTY_PRIMARY,376G00000X,376G00000X=Nursing  Home  Administrator  
PROVIDER,PROVIDER_SPECIALTY_PRIMARY,376J00000X,376J00000X=Homemaker  
PROVIDER,PROVIDER_SPECIALTY_PRIMARY,376K00000X,376K00000X=Nurse's  Aide  
PROVIDER,PROVIDER_SPECIALTY_PRIMARY,385H00000X,385H00000X=Respite  Care  
PROVIDER,PROVIDER_SPECIALTY_PRIMARY,385HR2050X,385HR2050X=Respite  Care  Respite  Care  Camp
PROVIDER,PROVIDER_SPECIALTY_PRIMARY,385HR2055X,"385HR2055X=Respite  Care  Respite  Care,  Mental  Illness,  Child"
PROVIDER,PROVIDER_SPECIALTY_PRIMARY,385HR2060X,"385HR2060X=Respite  Care  Respite  Care,  Mental  Retardation  and/or  Developmental  Disabilities,  Child"
PROVIDER,PROVIDER_SPECIALTY_PRIMARY,385HR2065X,"385HR2065X=Respite  Care  Respite  Care,  Physical  Disabilities,  Child"
PROVIDER,PROVIDER_SPECIALTY_PRIMARY,390200000X,390200000X=Student  in  an  Organized  Health  Care  Education/Training  Program  
PROVIDER,PROVIDER_SPECIALTY_PRIMARY,405300000X,405300000X=Prevention  Professional  
PROVIDER,PROVIDER_SPECIALTY_PRIMARY,NI,NI=No  information
PROVIDER,PROVIDER_SPECIALTY_PRIMARY,UN,UN=Unknown
PROVIDER,PROVIDER_SPECIALTY_PRIMARY,OT,OT=Other